Zip Code,House Price,# Bedrooms,# Bathrooms,Area in sqft,Address 1,City,State
15213,394900,3,3,3120,3546 Melwood Ave,Pittsburgh,PA
15213,310000,2,2,1176,825 Morewood Ave #G-12,Pittsburgh,PA
15213,299900,2,2,1176,825 Morewood Ave #G4,Pittsburgh,PA
15213,2200000,6,6,,1045 Devon Rd,Pittsburgh,PA
15213,815000,3,5,2865,4803 Ellsworth Ave,Pittsburgh,PA
15213,299900,2,3,1710,307 S Dithridge St #207,Pittsburgh,PA
15213,349000,3,3,1805,17 Hemingway St,Pittsburgh,PA
15213,3200000,4,6,5800,5023 Frew St #6BC,Pittsburgh,PA
15213,236900,3,2,1462,107 Holmes Pl,Pittsburgh,PA
15213,2990000,4,4,2500,3567 Bigelow Blvd,Pittsburgh,PA
15213,198800,3,3,1530,3764 Bigelow Blvd,Pittsburgh,PA
15213,310000,4,3,1326,592 Blessing St,Pittsburgh,PA
15213,98500,2,2,940,4625 5th Ave #303,Pittsburgh,PA
15213,995000,3,5,,4919 Centre Ave,Pittsburgh,PA
15213,360000,2,3,1710,307 S Dithridge St #406,Pittsburgh,PA
15213,239900,4,2,1613,45 Lawn St,Pittsburgh,PA
15213,172500,3,2,1200,4625 5th Ave #400,Pittsburgh,PA
15213,380000,3,2,1818,3229 Parkview Ave,Pittsburgh,PA
15213,150000,3,2,1246,2534 Allequippa St,Pittsburgh,PA
15213,199500,3,2,,4601 5th Ave #120,Oakland,PA
15213,195000,2,2,1025,4625 5th Ave #812,Pittsburgh,PA
15213,535000,2,2,1900,5023 Frew St #4D,Pittsburgh,PA
15213,138000,2,1,1090,4601 5th Ave #830,Oakland,PA
15213,545000,,,,3718 Dawson St,Pittsburgh,PA
15213,599900,2,3,1920,4700 Ellsworth Ave #7,Pittsburgh,PA
15213,350000,,,,3301 Juliet St,Pittsburgh,PA
15213,175000,3,2,,4601 5th Ave #620,Pittsburgh,PA
15213,560000,,,,11 Oakland Sq,Pittsburgh,PA
15213,270000,3,2,1511,5 Bayard Rd #912,Pittsburgh,PA
15213,239000,2,2,,154 N Bellefield Ave #46,Pittsburgh,PA
15213,115000,3,1,1000,4625 5th Ave #706,Pittsburgh,PA
15213,1350000,,,,237 Halket Pl,Pittsburgh,PA
15213,130000,2,2,,4625 5th Ave #402,Pittsburgh,PA
15213,550000,,,,3428 Dawson St,Pittsburgh,PA
15213,170800,2,1,,3266 Ward St #12,Pittsburgh,PA
15213,245000,3,2,1624,3604 Melwood Ave,Pittsburgh,PA
15213,98000,2,1,,4625 5th Ave #504,Pittsburgh,PA
15213,159000,2,1,510,3266 Ward St #1,Pittsburgh,PA
15213,159000,1,1,709,5 Bayard Rd #202,Pittsburgh,PA
15213,123500,2,1,,4601 5th Ave #225,Oakland,PA
15213,162900,1,1,848,5 Bayard Rd #815,Pittsburgh,PA
15213,379000,3,2,,154 N Bellefield Ave #20,Oakland,PA
15213,349000,2,2,1413,220 N Dithridge St #807,Pittsburgh,PA
15213,169000,1,1,880,5 Bayard Rd #514,Pittsburgh,PA
15213,599000,3,3,1940,132 Burrows St,Pittsburgh,PA
15213,799500,3,4,2500,5023 Frew St #C4,Pittsburgh,PA
15213,14000,,,,3444 Ridgway St,Pittsburgh,PA
15213,14000,,,,3432 Ridgway St,Pittsburgh,PA
15213,14000,,,,3440 Ridgway St,Pittsburgh,PA
15213,599000,,,,3430 Dawson St,Pittsburgh,PA
15213,579000,2,3,1940,110 Burrows St,Pittsburgh,PA
15213,459000,3,3,2156,220 N Dithridge St #1200,Pittsburgh,PA
15213,579000,3,3,1940,122 Burrows St,Pittsburgh,PA
15213,395000,,,,3306 Ward St,Pittsburgh,PA
15213,307900,,,,212 Ophelia St,Pittsburgh,PA
15213,205000,2,2,,128 N Craig St #914,Pittsburgh,PA
15213,128000,2,1,1000,4625 5th Ave #709,Pittsburgh,PA
15213,489900,,,,2531 Allequippa St,Pittsburgh,PA
15213,125000,2,1,1040,4625 5th Ave #206,Pittsburgh,PA
15213,175000,3,2,1500,4625 5th Ave #605,Pittsburgh,PA
15213,319900,2,2,1505,307 S Dithridge St #505,Pittsburgh,PA
15213,549000,2,3,1940,112 Burrows St,Pittsburgh,PA
15213,350000,3,2,,3375 Parkview Ave,Pittsburgh,PA
15213,115000,2,1,,4625 5th Ave #411,Pittsburgh,PA
15213,110000,1,2,960,4601 5th Ave #328,Pittsburgh,PA
15213,379900,4,2,,3302 Ward St,Pittsburgh,PA
15213,150000,,,,Wakefield St,Pittsburgh,PA
15213,60000,,,,2535 Allequippa St,Pittsburgh,PA
15213,120000,2,1,,4625 5th Ave #309,Pittsburgh,PA
15213,1225000,3,3,3108,146 N Bellefield Ave #701,Pittsburgh,PA
15213,678000,2,2,,154 N Bellefield Ave #76,Oakland,PA
15213,39900,,,,18 Ellers St,Pittsburgh,PA
15213,180000,2,1,1408,30-32 Hardie Way,Pittsburgh,PA
15213,350000,3,1,1995,267 Dunseith St,Pittsburgh,PA
15213,289000,4,2,1124,3162 Bohem St,Pittsburgh,PA
15232,659000,3,4,3212,5639 5th Ave,Pittsburgh,PA
15232,875000,4,4,,930 S Aiken Ave,Pittsburgh,PA
15232,499000,4,2,2021,351 Spahr St,Pittsburgh,PA
15232,595000,5,3,,6227 5th Ave,Pittsburgh,PA
15232,355000,3,2,1276,5612 Maple Heights Ct #C,Shadyside,PA
15232,899900,4,4,3462,703 Saint James St,Pittsburgh,PA
15232,569000,3,3,,5826 Holden St,Pittsburgh,PA
15232,2100000,8,6,,720 Amberson Ave,Pittsburgh,PA
15232,585000,5,4,,5725 Walnut St,Pittsburgh,PA
15232,449900,4,3,,517 Roslyn Pl,Pittsburgh,PA
15232,2250000,4,5,,10 W Woodland Rd,Pittsburgh,PA
15232,750000,7,4,2700,928 Saint James St,Pittsburgh,PA
15232,3500000,5,7,,117 Woodland Rd,Pittsburgh,PA
15232,1350000,4,4,,5309 Westminster Pl,Pittsburgh,PA
15232,230000,2,2,1210,5825 5th Ave #212,Pittsburgh,PA
15232,378500,2,2,1740,300 N Woodland Rd #3A,Pittsburgh,PA
15232,595000,5,3,,6229 5th Ave,Pittsburgh,PA
15232,379900,3,2,2424,702 Summerlea St #3,Shadyside,PA
15232,299000,2,2,,5922 Howe St #302,Pittsburgh,PA
15232,560000,,,,628 College Ave,Pittsburgh,PA
15232,820000,4,4,4334,620 S Negley Ave,Pittsburgh,PA
15232,1999000,6,5,,22 Woodland Rd,Pittsburgh,PA
15232,279900,2,2,1184,5535 Centre Ave #12,Pittsburgh,PA
15232,908500,3,4,,5743 Elmer St,Pittsburgh,PA
15232,365000,3,2,1480,5226 5th Ave #8,Pittsburgh,PA
15232,219900,2,2,1284,5100 5th Ave #503,Pittsburgh,PA
15232,799000,,,,1213-15 Shady Ave,Pittsburgh,PA
15232,254000,2,2,1354,5030 5th Ave #102,Pittsburgh,PA
15232,785000,5,3,3800,5817 Kentucky Ave,Pittsburgh,PA
15232,329900,3,1,1236,539 Summerlea St,Pittsburgh,PA
15232,250000,2,1,,5927 Howe St #202,Pittsburgh,PA
15232,465000,2,2,1648,717 Bellefonte St #3,Pittsburgh,PA
15232,185000,1,1,,710 Copeland St #2,Pittsburgh,PA
15232,340000,2,2,1194,5609 Elmer St #303,Pittsburgh,PA
15232,1100000,,,,700 Ivy St,Pittsburgh,PA
15232,1175000,3,3,2000,711 S Negley Ave #201,Pittsburgh,PA
15232,174900,1,1,747,5728 Elwood St #3,Pittsburgh,PA
15232,425000,,,,661 College Ave,Pittsburgh,PA
15232,1495000,3,4,4099,5301 5th Ave #5,Shadyside,PA
15232,1150000,2,3,2675,705 Copeland St #3,Pittsburgh,PA
15232,1250000,3,4,3099,5135 5th Ave #C,Pittsburgh,PA
15232,374900,3,1,1236,533 Summerlea St,Pittsburgh,PA
15232,1100000,2,3,2151,5135 5th Ave #E,Pittsburgh,PA
15232,225000,1,1,742,5025 5th Ave #3F,Shadyside,PA
15232,549000,2,2,1467,5742 5th Ave #102,Pittsburgh,PA
15232,1250000,3,4,3099,5135 5th Ave #D,Pittsburgh,PA
15232,199900,2,1,,420 S Aiken Ave #B6,Pittsburgh,PA
15232,269000,2,2,1284,5100 5th Ave #401,Pittsburgh,PA
15217,563000,4,2,2244,5540 Fair Oaks St,Pittsburgh,PA
15217,659000,4,4,,6747 Wilkins Ave,Pittsburgh,PA
15217,1295000,4,5,4651,1231 Bennington Ave,Pittsburgh,PA
15217,575000,5,3,3331,6552 Northumberland St,Pittsburgh,PA
15217,1250000,3,4,,5703 Aylesboro Ave,Pittsburgh,PA
15217,550000,5,5,2451,1129 Greenfield Ave,Pittsburgh,PA
15217,1150000,7,6,,6315 Beacon St,Pittsburgh,PA
15217,199900,4,3,1658,6507 Rosemoor St,Pittsburgh,PA
15217,393750,3,3,,4165 Beehner Rd,Pittsburgh,PA
15217,185000,3,2,1366,3743 Beechwood Blvd,Pittsburgh,PA
15217,405000,3,2,1326,2257 Shady Ave,Pittsburgh,PA
15217,299900,3,2,,6316 Forward Ave,Pittsburgh,PA
15217,89900,5,2,,6445 Kemper St,Pittsburgh,PA
15217,180000,3,3,,700 Graphic St,Pittsburgh,PA
15217,325000,3,2,1728,3972 Beechwood Blvd,Pittsburgh,PA
15217,225000,4,2,1254,664 Montclair St,Pittsburgh,PA
15217,462000,6,2,,5828 Phillips Ave,Pittsburgh,PA
15217,185000,3,1,1200,927 Kennebec St,Pittsburgh,PA
15217,225000,3,2,1288,987 Greenfield Ave,Pittsburgh,PA
15217,399000,4,1,,5872 Douglas St,Pittsburgh,PA
15217,387000,4,4,,6345 Morrowfield Ave,Pittsburgh,PA
15217,925000,5,4,4021,2440 Mount Royal Rd,Pittsburgh,PA
15217,315000,3,1,,6326 Waldron St,Pittsburgh,PA
15217,425000,3,3,2085,6300 Alderson St,Pittsburgh,PA
15217,1290000,4,4,3224,5430 Aylesboro Ave,Pittsburgh,PA
15217,860000,4,4,3606,1063 Parkview Blvd,Pittsburgh,PA
15217,412900,,,,5847 Nicholson St,Pittsburgh,PA
15217,780000,5,4,2745,5516 Woodmont St,Pittsburgh,PA
15217,439858,3,1,1320,5308 Beeler St,Pittsburgh,PA
15217,1195000,4,4,4326,5700 Lynne Haven Rd,Pittsburgh,PA
15217,625000,4,3,3000,6673 Northumberland St,Pittsburgh,PA
15217,360000,4,2,1742,5653 Melvin St,Pittsburgh,PA
15217,338800,,,,2230 Tilbury Ave,Pittsburgh,PA
15217,196900,3,3,1176,857 Flemington St,Pittsburgh,PA
15217,229000,4,2,1854,3904 Beechwood Blvd,Pittsburgh,PA
15217,339000,4,2,,5521 Phillips Ave,Pittsburgh,PA
15217,300000,4,1,1659,5904 Nicholson St,Pittsburgh,PA
15217,625000,,,,2578 Beechwood Blvd,Pittsburgh,PA
15217,249900,3,2,1925,4145 Windsor St,Pittsburgh,PA
15217,549000,3,4,1584,5552 Darlington Rd,Pittsburgh,PA
15217,499900,3,3,1424,5545 Forbes Ave #J,Pittsburgh,PA
15217,239000,2,2,,4338 McCaslin St,Pittsburgh,PA
15217,329000,3,2,1920,6309 Monitor St,Pittsburgh,PA
15217,165000,3,1,960,4257 Minnesota St,Pittsburgh,PA
15217,185000,3,1,1152,904 Kennebec St,Pittsburgh,PA
15217,545000,2,3,,1406 Fairstead Ln,Pittsburgh,PA
15217,184900,2,1,798,835 Mirror St,Pittsburgh,PA
15217,139900,1,1,900,5715 Beacon St #414,Pittsburgh,PA
15217,169900,3,1,1323,105 Imogene Rd,Pittsburgh,PA
15217,204000,3,2,1100,3854 Beechwood Blvd,Pittsburgh,PA
15217,234900,2,1,,5841 Morrowfield Ave #101,Pittsburgh,PA
15217,389000,5,3,,6334 Forward Ave,Pittsburgh,PA
15217,230000,4,1,,2613 Tilbury Ave,Pittsburgh,PA
15217,299900,,,,4034 Murray Ave,Pittsburgh,PA
15217,69900,,,,2647 Fernwald Rd,SquirrelHill,PA
15217,69900,,,,2649 Fernwald Rd,SquirrelHill,PA
15217,1200000,,,,5952 Phillips Ave,Pittsburgh,PA
15217,69900,,,,2643 Fernwald Rd,SquirrelHill,PA
15217,69900,,,,2651 Fernwald Rd,SquirrelHill,PA
15219,79900,3,2,,748 Bryn Mawr Rd,Pittsburgh,PA
15219,239000,3,2,1555,32 Miltenberger St,Pittsburgh,PA
15219,350000,3,3,1052,603 Morgan St,Pittsburgh,PA
15219,425000,2,2,1998,429 1st Ave #5,Pittsburgh,PA
15219,310000,3,2,1952,1716 Locust St,Pittsburgh,PA
15219,239000,2,1,1555,30 Miltenberger St,Pittsburgh,PA
15219,132000,3,2,1200,212 Seneca St,Pittsburgh,PA
15219,100000,2,1,1100,3437 Milwaukee St,Pittsburgh,PA
15219,120000,1,2,932,112 Washington Pl #4H,Pittsburgh,PA
15219,319000,4,4,1880,1831 Boulevard Of The Allies,Pittsburgh,PA
15219,129900,5,2,2688,3400 Webster Ave,Pittsburgh,PA
15219,415000,2,2,1998,429 1st Ave #6,Pittsburgh,PA
15219,185900,3,1,1734,1031 Herron Ave,Pittsburgh,PA
15219,115900,1,1,528,112 Washington Pl #15K,Pittsburgh,PA
15219,209900,2,3,1176,714 Cherokee St,Pittsburgh,PA
15219,199900,5,2,1710,505 Herron Ave,Pittsburgh,PA
15219,174900,1,1,932,112 Washington Pl #20G,Pittsburgh,PA
15219,150000,5,2,2415,21 Trent St,Pittsburgh,PA
15219,65000,,,,956 Herron Ave,Pittsburgh,PA
15219,184000,1,2,,112 Washington Pl #15G,Pittsburgh,PA
15219,129900,,,,2515 Elba St,Pittsburgh,PA
15219,181900,1,2,932,112 Washington Pl #18H,Pittsburgh,PA
15219,69800,,,,Paulowna St,Pittsburgh,PA
15219,50000,,,,2311-13 Webster Ave,Pittsburgh,PA
15219,35000,,,,2418 Webster Ave,Pittsburgh,PA
15219,45000,,,,2254 Webster Ave,Pittsburgh,PA
15219,30000,,,,2430 Webster Ave,Pittsburgh,PA
15219,30000,,,,2412 Webster Ave,Pittsburgh,PA
15219,80000,3,2,,820 Clarissa St,Pittsburgh,PA
15219,20000,,,,2245 Bloomer Way,Pittsburgh,PA
15219,850000,,,,2314-2316 Webster Ave,Pittsburgh,PA
15219,95000,3,1,,3413 Webster Ave,Pittsburgh,PA
15219,59000,,,,1907 Webster Ave,Pittsburgh,PA
15219,450000,2,1,,2309 Webster Ave,Pittsburgh,PA
15219,160000,,,,702 Duff St,Pittsburgh,PA
15219,150000,5,3,2412,3333 Milwaukee St,Pittsburgh,PA
15219,75000,3,1,,2312 Webster Ave,Pittsburgh,PA
15219,80000,3,1,1138,3024 Vancroft St,Pittsburgh,PA
15219,75000,3,1,,2230 Webster Ave,Pittsburgh,PA
15219,139900,3,1,1200,214 Seneca St,Pittsburgh,PA
15222,439000,1,1,645,350 Oliver Ave #808,Pittsburgh,PA
15222,360000,1,1,500,350 Oliver Ave #806,Pittsburgh,PA
15222,3255000,4,4,5425,215 25th St #8,Pittsburgh,PA
15222,280000,2,2,1172,306 4th Ave #201,Pittsburgh,PA
15222,299000,1,2,1181,806 Penn Ave #1,Pittsburgh,PA
15222,5250000,3,3,,550 Market St #19,Pittsburgh,PA
15222,549000,3,3,1998,50 Waterfront Dr,Pittsburgh,PA
15222,439000,2,2,1293,2434 Smallman St #222,Pittsburgh,PA
15222,2655000,4,4,3663,151 Fort Pitt Blvd #1901,Pittsburgh,PA
15222,1432000,2,3,2632,2330 Penn Ave #602,Pittsburgh,PA
15222,199900,1,2,1140,320 Fort Duquesne Blvd #7E,Pittsburgh,PA
15222,2688000,3,4,2650,350 Oliver Ave #809,Pittsburgh,PA
15222,349900,2,2,1420,320 Fort Duquesne Blvd #14K,Pittsburgh,PA
15222,304000,2,2,1444,306 4th Ave #703,Pittsburgh,PA
15222,379900,3,1,1640,2532 Penn Ave,Pittsburgh,PA
15222,169900,1,1,1033,320 Fort Duquesne Blvd #7M,Pittsburgh,PA
15222,310000,2,2,1170,300 4th Ave #1201,Pittsburgh,PA
15222,670000,2,3,1440,2545 Penn Ave #503,Pittsburgh,PA
15222,225000,2,1,1140,320 Fort Duquesne Blvd #4E,Pittsburgh,PA
15222,345000,2,2,1240,300 4th Ave #1103,Pittsburgh,PA
15222,450000,2,2,1439,301 5th Ave #609,Pittsburgh,PA
15222,995000,5,4,3000,320 Fort Duquesne Blvd #12CD,Pittsburgh,PA
15222,269000,1,2,1140,320 Fort Duquesne Blvd #23E,Pittsburgh,PA
15222,567000,2,2,1050,350 Oliver Ave #1005,Pittsburgh,PA
15222,750000,2,2,1156,350 Oliver Ave #1010,DowntownPgh,PA
15222,749000,3,4,,20 Waterfront Washingtons Lndg,Pittsburgh,PA
15222,655000,2,2,1503,2635 Penn Ave #411,Pittsburgh,PA
15222,420000,2,1,1094,2635 Penn Ave #205,Pittsburgh,PA
15222,509000,2,2,922,350 Oliver Ave #901,Pittsburgh,PA
15222,439000,1,1,,2419 Smallman St #203,Pittsburgh,PA
15222,269000,1,1,721,320 Fort Duquesne Blvd #6B,Pittsburgh,PA
15222,396500,1,2,992,2545 Penn Ave #205,Pittsburgh,PA
15222,750000,2,2,,151 Fort Pitt Blvd #406,Pittsburgh,PA
15222,415000,1,1,1106,2635 Penn Ave #211,Pittsburgh,PA
15222,198500,1,1,1090,320 Fort Duquesne Blvd #8M,Pittsburgh,PA
15222,649950,2,2,1666,151 Fort Pitt Blvd #506,Pittsburgh,PA
15222,499000,1,1,750,350 Oliver Ave #803,Pittsburgh,PA
15222,639000,2,2,1058,350 Oliver Ave #1102,Pittsburgh,PA
15222,699900,2,3,2126,300 4th Ave #2001,Pittsburgh,PA
15222,789000,2,2,1394,350 Oliver Ave #1009,Pittsburgh,PA
15222,285000,1,1,1118,320 Fort Duquesne Blvd #15H,Pittsburgh,PA
15222,267250,1,1,1118,320 Fort Duquesne Blvd #9J,Pittsburgh,PA
15222,459999,1,2,935,2545 Penn Ave #506,Pittsburgh,PA
15222,479000,3,3,1718,320 Fort Duquesne Blvd #23C,Pittsburgh,PA
15222,335000,1,1,875,2635 Penn Ave #208,Pittsburgh,PA
15222,483000,2,1,1328,301 5th Ave #511,Pittsburgh,PA
15222,200000,1,1,647,320 Fort Duquesne Blvd #10O,Pittsburgh,PA
15222,472500,2,2,1275,151 Fort Pitt Blvd #1004,Pittsburgh,PA
15222,799000,2,2,1156,350 Oliver Ave #1210,Pittsburgh,PA
15222,249000,1,1,1090,320 Fort Duquesne Blvd #18M,Pittsburgh,PA
15222,309000,1,1,806,11 5th Ave #602,Pittsburgh,PA
15222,465000,2,2,1470,301 5th Ave #619,Pittsburgh,PA
15222,352000,1,1,927,2635 Penn Ave #212,Pittsburgh,PA
15222,898000,2,2,1617,301 5th Ave #510,Pittsburgh,PA
15222,435000,1,1,1141,2635 Penn Ave #202,Pittsburgh,PA
15222,689000,2,3,,2545 Penn Ave #401,Pittsburgh,PA
15222,439000,1,2,816,350 Oliver Ave #907,Pittsburgh,PA
15222,200000,1,1,647,320 Fort Duquesne Blvd #12O,Pittsburgh,PA
15222,349000,1,2,877,151 Fort Pitt Blvd #1205,Pittsburgh,PA
15222,360000,1,2,1444,306 4th Ave #1003,Pittsburgh,PA
15222,489900,1,2,1357,151 Fort Pitt Blvd #1406,Pittsburgh,PA
15222,759900,2,2,1958,301 5th Ave #607,Pittsburgh,PA
15222,405000,1,2,1240,301 5th Ave #614,Pittsburgh,PA
15222,333000,1,1,875,2635 Penn Ave #207,Pittsburgh,PA
15222,338000,1,1,645,350 Oliver Ave #1008,DowntownPgh,PA
15222,318000,1,1,500,350 Oliver Ave #1006,Pittsburgh,PA
15222,530000,2,2,1315,301 5th Ave #718,Pittsburgh,PA
15222,625000,2,2,1799,301 5th Ave #610,Pittsburgh,PA
15222,410000,1,1,1077,2635 Penn Ave #203,Pittsburgh,PA
15222,1999000,2,3,4016,320 Fort Duquesne Blvd #26FGHJ,Pittsburgh,PA
15222,398000,1,2,1612,151 Fort Pitt Blvd #405,Pittsburgh,PA
15222,455000,1,1,816,350 Oliver Ave #1207,Pittsburgh,PA
15222,473000,1,1,1034,2419 Smallman St #308,Pittsburgh,PA
15222,789000,2,2,1465,151 Fort Pitt Blvd #1101,Pittsburgh,PA
15222,700000,3,2,1784,301 5th Ave #704,Pittsburgh,PA
15222,494900,1,1,1211,2434 Smallman St #421,Pittsburgh,PA
15222,850000,2,3,1782,151 Fort Pitt Blvd #1703,Pittsburgh,PA
15222,550000,2,2,922,350 Oliver Ave #801,Pittsburgh,PA
15222,479000,2,2,1718,320 Fort Duquesne Blvd #14C,Pittsburgh,PA
15222,769000,2,2,922,350 Oliver Ave #804,Pittsburgh,PA
15222,479000,3,3,1718,320 Fort Duquesne Blvd #23C,Pittsburgh,PA
15222,200000,1,1,647,320 Fort Duquesne Blvd #20O,Pittsburgh,PA
15222,805000,3,3,1844,2635 Penn Ave #409,Pittsburgh,PA
15222,775000,2,2,1394,350 Oliver Ave #909,Pittsburgh,PA
15222,330000,1,1,877,151 Fort Pitt Blvd #1405,Pittsburgh,PA
15222,200000,1,1,716,320 Fort Duquesne Blvd #16G,Pittsburgh,PA
15222,2550000,3,5,4266,301 5th Ave #714,Pittsburgh,PA
15222,309000,1,,850,11 5th Ave #303,Pittsburgh,PA
15222,1425000,3,3,3000,301 5th Ave #615,Pittsburgh,PA
15222,1150000,3,5,2761,1634 Waterfront Pl,Pittsburgh,PA
19104,198900,4,2,2022,3804 Fairmount Ave,Philadelphia,PA
19104,245000,4,3,1542,3923 Aspen St,Philadelphia,PA
19104,435000,4,2,1280,422 S 43rd St,Philadelphia,PA
19104,695000,3,2,2880,4231 Osage Ave,Philadelphia,PA
19104,159000,3,1,1214,4210 Wyalusing Ave,Philadelphia,PA
19104,1299000,3,3,2614,3601 Baring St,Philadelphia,PA
19104,235000,3,2,1074,3805 Wallace St #3805,Philadelphia,PA
19104,815000,4,3,2463,3723 Lancaster Ave,Philadelphia,PA
19104,336000,3,2,1140,339 N Holly St,Philadelphia,PA
19104,595000,5,3,3348,249 S 45th St,Philadelphia,PA
19104,725000,4,3,3474,200 N 35th St,Philadelphia,PA
19104,650000,6,3,2880,445 S 43rd St,Philadelphia,PA
19104,289900,2,1,550,4207 Ranstead St,Philadelphia,PA
19104,394999,3,2,1392,8 N 42nd St,Philadelphia,PA
19104,189900,2,1,1350,4302 Aspen St,Philadelphia,PA
19104,439000,6,,2721,4115 Pennsgrove St,Philadelphia,PA
19104,100000,3,2,1060,966 N 45th St,Philadelphia,PA
19104,315999,5,4,2064,4210 Otter St,Philadelphia,PA
19104,599900,2,3,1248,3200 Summer St #11,Philadelphia,PA
19104,559900,6,,1980,4315 Sansom St,Philadelphia,PA
19104,1700000,9,,4080,3907 Haverford Ave,Philadelphia,PA
19104,260000,3,,1776,328 N 41st St,Philadelphia,PA
19104,314900,1,1,857,4300 Spruce St #B304,Philadelphia,PA
19104,389900,4,,1812,3225 Mount Vernon St,Philadelphia,PA
19104,399900,5,3,1878,4119 Powelton Ave,Philadelphia,PA
19104,125900,,,,4015 Wallace St,Philadelphia,PA
19104,250000,2,1,1006,4313 Ludlow St,Philadelphia,PA
19104,46000,,,,1116 N State St,Philadelphia,PA
19104,150000,,,,3920 Aspen St,Philadelphia,PA
19104,50000,,,,803 N 43rd St,Philadelphia,PA
19104,60000,,,,850 N Union St,Philadelphia,PA
19104,35000,,,,836 N Brooklyn St,Philadelphia,PA
19104,99900,,,,3909 Wallace St,Philadelphia,PA
19104,65000,,,,714 N Wiota St,Philadelphia,PA
19104,65000,,,,915 N 45th St,Philadelphia,PA
19104,74900,,,,3925 Folsom St,Philadelphia,PA
19104,110000,,,,4082 Olive St,Philadelphia,PA
19104,49000,,,,1107 N 40th St,Philadelphia,PA
19104,65000,,,,4160 Westminster Ave,Philadelphia,PA
19104,110000,,,,3908 Wallace St,Philadelphia,PA
19104,95000,,,,3926 Cambridge St,Philadelphia,PA
19104,105000,3,1,1136,1007 N 45th St,Philadelphia,PA
19104,400000,,,,819 N Preston St,Philadelphia,PA
19104,125000,,,,4218 Ogden St,Philadelphia,PA
19104,90000,,,,3838 Folsom St,Philadelphia,PA
19104,140000,,,,4131 Westminster Ave,Philadelphia,PA
19104,45000,,,,3929 Wyalusing Ave,Philadelphia,PA
19104,82500,,,,1034 N Pallas St,Philadelphia,PA
19104,79900,,,,729 N Preston St,Philadelphia,PA
19104,120000,,,,876 N 42nd St,Philadelphia,PA
19104,160000,,,,1211 N 41st St,Philadelphia,PA
19104,50000,,,,907 N 43rd St,Philadelphia,PA
19104,99000,,,,4126 Pennsgrove St,Philadelphia,PA
19104,85000,,,,3958 Ogden St,Philadelphia,PA
19104,90000,,,,3816 Aspen St,Philadelphia,PA
19104,69500,,,,3910 Cambridge St,Philadelphia,PA
19104,238900,1,,2394,4125 Pennsgrove St,Philadelphia,PA
19104,150000,,,,789 N Preston St,Philadelphia,PA
19104,75000,,,,3950 Folsom St,Philadelphia,PA
19104,60000,,,,3824 Poplar St,Philadelphia,PA
19104,59900,,,,4205 Leidy Ave,Philadelphia,PA
19104,115000,,,,624 N Union St,Philadelphia,PA
19104,70000,,,,947 N 45th St,Philadelphia,PA
19104,75000,,,,840 N Union St,Philadelphia,PA
19104,125900,,,,4013 Wallace St,Philadelphia,PA
19104,65000,,,,726 N 37th St,Philadelphia,PA
19104,125000,,,,655 N Union St,Philadelphia,PA
19104,120000,,,,749 N 39th St,Philadelphia,PA
19104,75000,,,,3865 Reno St,Philadelphia,PA
19104,75000,,,,829 N 43rd St,Philadelphia,PA
19104,65000,,,,1123 N Union St,Philadelphia,PA
19104,60000,,,,972 N 45th St,Philadelphia,PA
19104,65000,,,,734 N Wiota St,Philadelphia,PA
19104,90000,,,,821 N 39th St,Philadelphia,PA
19104,85000,,,,741 N Preston St,Philadelphia,PA
19104,49999,,,,1125 N Union St,Philadelphia,PA
19104,55000,,,,805 N Brooklyn St,Philadelphia,PA
19104,55000,,,,803 N Brooklyn St,Philadelphia,PA
19104,299000,4,3,1605,904 N 42nd St,Philadelphia,PA
19104,110000,,,,862 N Union St,Philadelphia,PA
19104,125000,,,,4218 Ogden St,Philadelphia,PA
19104,59900,,,,1129 N Union St,Philadelphia,PA
19104,82500,,,,1010 N Pallas St,Philadelphia,PA
19104,90000,,,,3912 Wallace St,Philadelphia,PA
19104,295000,3,,1935,4226 Brown St,Philadelphia,PA
19104,55000,,,,837 N Brooklyn St,Philadelphia,PA
19104,225000,,,,4076 Spring Garden St,Philadelphia,PA
19104,75000,,,,3951 Parrish St,Philadelphia,PA
19104,55000,,,,1114 N State St,Philadelphia,PA
19104,195000,4,1,1755,667 N 39th St,Philadelphia,PA
19104,149000,,,,4052 W Girard Ave,Philadelphia,PA
19104,575000,,,,617 N 41st St,Philadelphia,PA
19104,124500,,,,656 N 36th St,Philadelphia,PA
19104,899000,9,,,727 N 39th St,Philadelphia,PA
19104,175000,5,1,2272,916 Belmont Ave,Philadelphia,PA
19104,384900,4,,2315,655 N 33rd St,Philadelphia,PA
19104,379999,4,3,,4113 Cambridge St,Philadelphia,PA
19104,499000,5,3,2505,4024 Spring Garden St,Philadelphia,PA
19104,875000,4,,2400,4237 Sansom St,Philadelphia,PA
19104,140000,,,,3906 Fairmount Ave,Philadelphia,PA
19104,1150000,11,,5850,707 N 40th St,Philadelphia,PA
19104,499900,5,5,1817,434 N 38th St,Philadelphia,PA
19104,395000,4,,2954,4024 Parkside Ave,Philadelphia,PA
19104,49900,,,,3974 Reno St,Philadelphia,PA
19104,48900,,,,3929 Reno St,Philadelphia,PA
19104,48000,,,,3827 Olive St,Philadelphia,PA
19104,70000,,,,708 N Wiota St,Philadelphia,PA
19104,125000,3,2,1232,4305 Brown St,Philadelphia,PA
19104,123500,3,2,1176,4109 Mantua Ave,Philadelphia,PA
19104,99000,,,,660 N 42nd St,Philadelphia,PA
19104,45000,,,,3968 Poplar St,Philadelphia,PA
19104,120000,,,,724 N 42nd St,Philadelphia,PA
19104,450000,,,,3901 Cambridge St,Philadelphia,PA
19104,375000,3,,1476,3944 Baring St,Philadelphia,PA
19104,54999,,,,3962 Pennsgrove St,Philadelphia,PA
19104,225000,6,3,1662,3932 Parrish St,Philadelphia,PA
19104,49999,,,,1145 N Union St,Philadelphia,PA
19104,299900,6,3,2064,608 N 39th St,Philadelphia,PA
19104,424900,6,3,2352,607 N 33rd St,Philadelphia,PA
19104,389000,,,,679 N 39th St,Philadelphia,PA
19104,399000,5,2,1617,523 N 35th St,Philadelphia,PA
19104,295000,3,,1935,4226 Brown St,Philadelphia,PA
19104,82500,,,,1016 N Pallas St,Philadelphia,PA
19104,379999,4,3,,4115 Cambridge St,Philadelphia,PA
19104,150000,4,1,1362,3857 Poplar St,Philadelphia,PA
19104,409000,6,,2801,4143 W Girard Ave,Philadelphia,PA
19104,525000,3,3,2685,426 N Sloan St,Philadelphia,PA
19104,299000,4,2,2538,3804 Haverford Ave,Philadelphia,PA
19104,65000,,,,4002 Ogden St,Philadelphia,PA
19104,248000,3,3,1350,942 N 43rd St,Philadelphia,PA
19104,449770,3,,2530,3904 Aspen St,Philadelphia,PA
19104,220000,3,2,1260,669 N Brooklyn St,Philadelphia,PA
19104,515000,4,,2060,322 N Preston St,Philadelphia,PA
19104,125000,,,,883 N 45th St,Philadelphia,PA
19104,150000,2,1,729,3941 Brandywine St,Philadelphia,PA
19104,419000,5,3,1862,330 N 41st St,Philadelphia,PA
19104,120000,3,1,1134,3957 Ogden St,Philadelphia,PA
19104,199900,4,1,1890,646 N 36th St,Philadelphia,PA
19104,39900,,,,829 N Hutton St,Philadelphia,PA
19104,269000,,,,4054 Lancaster 1/2 Ave,Philadelphia,PA
19104,550000,7,,2310,608 N 32nd St,Philadelphia,PA
19104,129900,3,1,1070,614 N Pallas St,Philadelphia,PA
19104,186000,2,,1260,4334 Parrish St,Philadelphia,PA
19104,509000,3,3,2502,3615 Brandywine St,Philadelphia,PA
19104,499900,,,,609 N Shedwick St,Philadelphia,PA
19104,136999,3,1,1110,609 N Pallas St,Philadelphia,PA
19104,175000,3,1,1344,3922 Poplar St,Philadelphia,PA
19104,219900,7,,2212,4039 W Girard Ave,Philadelphia,PA
19104,359999,5,1,2092,3937 Warren St,Philadelphia,PA
19104,874999,7,,2310,501 N 40th St,Philadelphia,PA
19104,72500,2,2,988,937 N 45th St,Philadelphia,PA
19104,105000,3,1,1052,4311 Pennsgrove St,Philadelphia,PA
19104,179900,3,1,1240,753 N 39th St,Philadelphia,PA
19104,204900,4,1,1510,322 N 42nd St,Philadelphia,PA
19104,130000,,,,4028 Parrish St,Philadelphia,PA
19103,274900,1,2,,1901 John F Kennedy Boulevard 1216 #45-17,Philadelphia,PA
19103,3495000,6,7,5828,2023 Delancey Pl,Philadelphia,PA
19103,325000,2,1,1050,112 N Beechwood St,Philadelphia,PA
19103,795000,2,2,1497,2411 Panama St,Philadelphia,PA
19103,6950000,5,7,,2014 Delancey Pl,Philadelphia,PA
19103,3075000,5,6,5000,2109 Delancey Pl,Philadelphia,PA
19103,6500000,6,7,6299,1819 Delancey St,Philadelphia,PA
19103,25000000,4,6,8666,1911 Walnut St #4801,Philadelphia,PA
19103,439900,2,1,928,207 S 24th St #1F,Philadelphia,PA
19103,575000,2,2,1033,2100 Delancey Pl #1,Philadelphia,PA
19103,1325000,4,4,2440,271 S Van Pelt St #1,Philadelphia,PA
19103,6250000,5,5,5000,1833 Delancey Pl,Philadelphia,PA
19103,619900,2,2,869,1724 Spruce St #1,Philadelphia,PA
19103,549900,2,2,1316,2200 Arch St #715,Philadelphia,PA
19103,2999500,6,6,5946,2022 Spruce St,Philadelphia,PA
19103,135717,2,1,,118 S 21st St #720,Philadelphia,PA
19103,5195000,5,6,5488,1910 Rittenhouse Sq,Philadelphia,PA
19103,949900,6,2,2664,1719 Pine St,Philadelphia,PA
19103,1795000,5,6,6600,230 S 22nd St,Philadelphia,PA
19103,680000,2,2,1207,2047 Spruce St #5,Philadelphia,PA
19103,649900,2,2,1411,2018 Walnut St #26B,Philadelphia,PA
19103,823500,3,3,1815,233 S 24th St,Philadelphia,PA
19103,530000,4,2,1176,1833 Carlton St,Philadelphia,PA
19103,287000,1,1,746,1931 Spruce St #1C,Philadelphia,PA
19103,305000,1,1,802,1730 Pine St #4,Philadelphia,PA
19103,510000,2,2,1329,1811 Chestnut St #502,Philadelphia,PA
19103,399500,3,2,1581,1919 Chestnut St #923/24,Philadelphia,PA
19103,300000,1,1,702,1626 Spruce St #2,Philadelphia,PA
19103,319000,2,1,892,1810 Rittenhouse Sq #509,Philadelphia,PA
19103,545000,2,2,1200,1704 Delancey Pl,Philadelphia,PA
19103,96019,1,1,,118 S 21st St #308,Philadelphia,PA
19103,2000000,4,4,3200,2411 Delancey St #A,Philadelphia,PA
19103,799000,3,3,1632,2532 Pine St,Philadelphia,PA
19103,520000,2,2,1123,1953 Locust St #4,Philadelphia,PA
19103,675000,3,3,1529,2113 Arch St #B,Philadelphia,PA
19103,999500,2,3,1718,2047 Walnut St #3F,Philadelphia,PA
19103,599000,2,3,1691,2032 Arch St #A,Philadelphia,PA
19103,475000,2,2,928,2119 Pine St #1,Philadelphia,PA
19103,699900,4,3,2265,323 N 19th St,Philadelphia,PA
19103,99919,1,1,,118 S 21st St #1222,Philadelphia,PA
19103,1125000,4,,1986,1608 Pine St,Philadelphia,PA
19103,650000,2,2,1408,2101 Market St #403,Philadelphia,PA
19103,729900,2,2,1150,237 S 18th St #7D,Philadelphia,PA
19103,1600000,3,4,3261,220 W Rittenhouse Sq #16AB,Philadelphia,PA
19103,569000,3,3,1783,2301 Cherry St #4H,Philadelphia,PA
19103,178000,2,1,1150,1900 John F Kennedy Blvd #1803,Philadelphia,PA
19103,575000,3,2,1550,2200 Arch St #207,Philadelphia,PA
19103,3000000,4,5,5400,2407 Delancey St,Philadelphia,PA
19103,787900,3,3,2022,2040 Arch St,Philadelphia,PA
19103,575000,2,1,1085,1900 Rittenhouse Sq #3B,Philadelphia,PA
19103,745000,2,2,1257,2101 Market St #2006,Philadelphia,PA
19103,310000,1,1,595,224 W Rittenhouse Sq #507,Philadelphia,PA
19103,575000,2,2,1036,2119 Pine St #2,Philadelphia,PA
19103,2875000,3,3,3326,1830 Rittenhouse Sq #5A,Philadelphia,PA
19103,1300000,4,4,1896,2006 Pine St,Philadelphia,PA
19103,599000,2,2,,1901 John F Kennedy Boulevard 1402/1403 #45,Philadelphia,PA
19103,529900,1,2,1565,1903 Spruce St #1B,Philadelphia,PA
19103,950000,2,3,1854,202-210 W Rittenhouse Sq #1707,Philadelphia,PA
19103,3526295,3,3,2210,1911 Walnut St #3202,Philadelphia,PA
19103,759900,3,3,1692,224 W Rittenhouse Sq #2001-2002,Philadelphia,PA
19103,799000,3,3,1624,1724 Spruce St #2,Philadelphia,PA
19103,7949995,3,4,4725,1911 Walnut St #4001,Philadelphia,PA
19103,149900,,,,1901 John F Kennedy Blvd #2911,Philadelphia,PA
19103,1025000,3,3,1592,220 W Rittenhouse Sq #15A,Philadelphia,PA
19103,1999900,3,5,,127 N 23rd St,Philadelphia,PA
19103,339000,1,1,651,2429 Locust St #320,Philadelphia,PA
19103,149000,,,,1901 John F Kennedy Blvd #45-2816,Philadelphia,PA
19103,1550000,4,,3071,2016 Locust St,Philadelphia,PA
19103,495000,2,3,1587,2301 Cherry St #9G,Philadelphia,PA
19103,2695000,3,4,3217,1820 Rittenhouse Sq #602,Philadelphia,PA
19103,184000,1,1,,1901 John F Kennedy Blvd #45-1824,Philadelphia,PA
19103,169000,1,1,474,2101 Chestnut St #820,Philadelphia,PA
19103,1875000,3,3,2226,1900 Rittenhouse Sq #14B,Philadelphia,PA
19103,524900,1,1,918,220 W Rittenhouse Sq #2F,Philadelphia,PA
19103,2150000,3,4,2775,237 S 18th St #14A,Philadelphia,PA
19103,199000,1,1,658,2101 Chestnut St #316,Philadelphia,PA
19103,5900000,2,3,4166,1706 Rittenhouse Sq #2901,Philadelphia,PA
19103,598000,1,1,1239,1800 Rittenhouse Sq #102,Philadelphia,PA
19103,559000,2,1,1217,207 S 24th St #2R,Philadelphia,PA
19103,6109995,3,4,3687,1911 Walnut St #4002,Philadelphia,PA
19103,1600000,3,4,3261,220 W Rittenhouse Sq #16AB,Philadelphia,PA
19103,1289900,2,3,1950,237 S 18th St #9FG,Philadelphia,PA
19103,995000,3,3,1978,1701 Locust St #1504,Philadelphia,PA
19103,5295000,4,3,4166,1706 Rittenhouse Sq #801,Philadelphia,PA
19103,249000,1,1,,1901 John F Kennedy Blvd #45-608,Philadelphia,PA
19103,225000,1,1,,1901 John F Kennedy Blvd #2003,Philadelphia,PA
19103,535000,2,2,,1901 John F Kennedy Boulevard 2909 #45-10,Philadelphia,PA
19103,299000,1,1,837,1919 Chestnut St #2103,Philadelphia,PA
19103,165000,,,,2101 Chestnut St #801,Philadelphia,PA
19103,1100000,2,3,,1901 Walnut St #21-22B,Philadelphia,PA
19103,599900,2,2,1281,224 W Rittenhouse Sq #1810,Philadelphia,PA
19103,509000,2,2,1150,1919 Chestnut St #906,Philadelphia,PA
19103,1600000,3,2,1707,219 S 18th St #1122,Philadelphia,PA
19103,895000,2,2,3000,23 S 23rd St #4A,Philadelphia,PA
19103,349900,1,1,700,2018 Walnut St #23D,Philadelphia,PA
19103,249000,1,1,,1901 John F Kennedy Blvd #45-1108,Philadelphia,PA
19103,2900000,3,4,3380,2207 Chestnut St #2,Philadelphia,PA
19103,525000,2,2,1176,1919 Chestnut St #519,Philadelphia,PA
19103,215000,1,1,,1901 John F Kennedy Blvd #45-1601,Philadelphia,PA
19103,425000,2,1,1134,1919 Chestnut St #920,Philadelphia,PA
19103,2954495,2,3,2051,1911 Walnut St #2702,Philadelphia,PA
19103,325000,2,1,1147,1901 John F Kennedy Blvd #2026,Philadelphia,PA
19103,365000,1,1,697,1701 Locust St #1901,Philadelphia,PA
19103,270000,1,1,837,1919 Chestnut St #516,Philadelphia,PA
19103,2600000,3,4,3789,219 S 18th St #203,Philadelphia,PA
19103,495000,,,,130 S 18th St #608,Philadelphia,PA
19103,289900,1,1,510,219 S 18th St #1517,Philadelphia,PA
19103,1350000,2,3,1455,2101 Market St #4101,Philadelphia,PA
19103,215000,,,,1701 Locust St #1417,Philadelphia,PA
19103,748000,1,2,1037,202 W Rittenhouse Sq #1504,Philadelphia,PA
19103,275000,1,1,531,1701 Locust St #1607,Philadelphia,PA
19103,575000,2,3,1462,2301 Cherry St #12B,Philadelphia,PA
19103,179900,,,,1919 Chestnut St #1811,Philadelphia,PA
19103,2675000,,,,202 W Rittenhouse Sq #3101,Philadelphia,PA
19103,329900,1,1,668,219 S 18th St #805,Philadelphia,PA
19103,249000,1,1,570,224 W Rittenhouse Sq #1017,Philadelphia,PA
19103,659000,3,2,1422,1600 Arch St #1805,Philadelphia,PA
19103,259900,,,,219 S 18th St #513,Philadelphia,PA
19103,1799900,3,5,,113 N 23rd St,Philadelphia,PA
19103,199000,1,1,538,2101 Chestnut St #412,Philadelphia,PA
19103,399000,2,1,1134,1919 Chestnut St #1908,Philadelphia,PA
19103,249000,1,1,752,1901 John F Kennedy Blvd #45-608,Philadelphia,PA
19103,2615995,2,3,1737,1911 Walnut St #2704,Philadelphia,PA
19103,1899000,4,5,3200,112 N Croskey St,Philadelphia,PA
19103,315000,1,1,851,1600 Arch St #1216,Philadelphia,PA
19103,499000,2,2,1176,1919 Chestnut St #818,Philadelphia,PA
19103,199900,1,1,,1901 John F Kennedy Blvd #45-908,Philadelphia,PA
19103,200000,,,,1701 Locust St #1416,Philadelphia,PA
19103,665000,2,2,1254,2101 Market St #807,Philadelphia,PA
19103,223990,,,,224 W Rittenhouse Sq #1704,Philadelphia,PA
19103,419000,2,2,,1901 John F Kennedy Blvd #45-1807,Philadelphia,PA
19103,349900,1,1,700,2018 Walnut St #23J,Philadelphia,PA
19103,669000,3,3,1600,2200 Arch St #204,Philadelphia,PA
19103,2850000,3,4,4300,219 S 18th St #202,Philadelphia,PA
19103,549900,2,3,1575,1901 Walnut St #8F,Philadelphia,PA
19103,299900,1,1,488,219 S 18th St #817,Philadelphia,PA
19103,315000,1,1,,1901 John F Kennedy Blvd #2024,Philadelphia,PA
19103,359000,2,1,1145,1901 John F Kennedy Blvd #1004,Philadelphia,PA
19103,369000,1,1,825,1919 Chestnut St #2414,Philadelphia,PA
19103,155000,,,,2101 Chestnut St #1626,Philadelphia,PA
19103,665000,2,3,1116,1701 Locust St #1705,Philadelphia,PA
19103,285000,1,1,752,1600 Arch St #1404,Philadelphia,PA
19103,799000,1,2,1585,1600 Arch St #1421,Philadelphia,PA
19103,339000,1,1,925,1600 Arch St #1802,Philadelphia,PA
19103,513500,1,2,1091,2101 Market St #1201,Philadelphia,PA
19103,535000,2,2,1630,1901-45 John F Kennedy Blvd #2909-10,Philadelphia,PA
19103,449000,1,1,700,2020 Walnut St #27C,Philadelphia,PA
19103,289900,2,1,1134,1919 Chestnut St #520,Philadelphia,PA
19103,429000,2,2,,1901 John F Kennedy Blvd #45-520,Philadelphia,PA
19103,259993,1,1,595,1919 Chestnut St #2320,Philadelphia,PA
19103,750000,2,2,1079,219 S 18th St #1410,Philadelphia,PA
19103,179900,,,,224 W Rittenhouse Sq #2015B,Philadelphia,PA
19103,2675000,2,3,2294,130 S 18th St #1801,Philadelphia,PA
19103,375000,1,1,649,219 S 18th St #1620,Philadelphia,PA
19103,205000,1,1,538,2101 Chestnut St #812,Philadelphia,PA
19103,699000,2,2,1400,250 S 17th St #201,Philadelphia,PA
19103,529900,2,2,1198,2018 Walnut St #12E,Philadelphia,PA
19103,210000,,,,1701 Locust St #2016,Philadelphia,PA
19103,469000,2,2,1174,1901 John F Kennedy Blvd #607,Philadelphia,PA
19103,500000,2,2,1264,2201 Cherry St #502,Philadelphia,PA
19103,464900,1,1,822,2101 Market St #1405,Philadelphia,PA
19103,3500000,3,4,2816,2110 Walnut St #301,Philadelphia,PA
19103,499000,2,2,1176,1919 Chestnut St #818,Philadelphia,PA
19103,1799900,4,5,,115 N 23rd St,Philadelphia,PA
19103,4375000,4,5,3716,1800 Rittenhouse Sq #601,Philadelphia,PA
19103,725000,1,2,993,130 S 18th St #601,Philadelphia,PA
19103,235000,,,,1901 John F Kennedy Blvd #45-1010,Philadelphia,PA
19103,149900,,,,2101 Chestnut St #1126,Philadelphia,PA
19103,1189500,2,2,,2200 Arch St #1202,Philadelphia,PA
19103,400000,1,1,1007,2200 Arch St #405,Philadelphia,PA
19103,350000,2,1,,1901 John F Kennedy Blvd #1809,Philadelphia,PA
19103,565000,2,3,1337,1811-19 Chestnut St #501,Philadelphia,PA
19103,3900000,3,4,2954,2110 Walnut St #201,Philadelphia,PA
19103,399000,1,1,837,1919 Chestnut St #1803,Philadelphia,PA
19103,4358195,3,4,2501,1911 Walnut St #3301,Philadelphia,PA
19103,255000,1,1,,1901 John F Kennedy Blvd #2814,Philadelphia,PA
19103,875000,3,2,1483,224 W Rittenhouse Sq #1005,Philadelphia,PA
19103,340000,1,1,740,224 W Rittenhouse Sq #1514,Philadelphia,PA
19103,330000,1,1,723,224 W Rittenhouse Sq #2313,Philadelphia,PA
19103,2650000,3,4,2209,130 S 18th St #2702,Philadelphia,PA
19103,930000,2,2,1408,2101 Market St #2702,Philadelphia,PA
19103,499900,2,2,1198,2018 Walnut St #10H,Philadelphia,PA
19103,324900,1,1,740,224 W Rittenhouse Sq #714,Philadelphia,PA
19103,369000,1,1,916,1600 Eighteen Arch St #1916,Philadelphia,PA
19103,849000,2,3,1876,23 S 23rd St #4K,Philadelphia,PA
19103,350000,1,1,679,219 S 18th St #1018,Philadelphia,PA
19103,2295000,2,3,2294,130 S 18th St #2201,Philadelphia,PA
19103,209900,,,,2018 Walnut St #24F,Philadelphia,PA
19103,249000,1,1,,1901 John F Kennedy Blvd #45-2502,Philadelphia,PA
19103,279900,1,1,508,219 S 18th St #1403,Philadelphia,PA
19103,895000,2,2,1854,224 W Rittenhouse Sq #310,Philadelphia,PA
19103,2900000,3,4,3106,2207 Chestnut St #4,Philadelphia,PA
19103,264900,1,1,609,224 W Rittenhouse Sq #218,Philadelphia,PA
19103,795000,2,2,1928,23 S 23rd St #6C,Philadelphia,PA
19103,829900,3,3,1746,2018 Walnut St #20AB,Philadelphia,PA
19103,3500000,3,4,4375,237 S 18th St #16B,Philadelphia,PA
19103,199900,,,,224 W Rittenhouse Sq #1404,Philadelphia,PA
19103,205000,1,1,658,2101 Chestnut St #1216,Philadelphia,PA
19103,550000,2,2,1176,1919 Chestnut St #2519,Philadelphia,PA
19103,179000,,,,1919 Chestnut St #1523,Philadelphia,PA
19103,352000,1,1,722,1810 W Rittenhouse Sq #1405,Philadelphia,PA
19103,189000,,,,1919 Chestnut St #1911,Philadelphia,PA
19103,398000,1,1,932,2200 Arch St #503,Philadelphia,PA
19103,235000,,,,1901 John F Kennedy Blvd #45-1010,Philadelphia,PA
19103,2859995,2,3,1909,1911 Walnut St #3603,Philadelphia,PA
19103,235000,,,,219 S 18th St #604,Philadelphia,PA
19103,235000,,,,219 S 18th St #516,Philadelphia,PA
19103,425000,2,1,1107,1919 Chestnut St #1717,Philadelphia,PA
19103,165000,,,,1919 Chestnut St #802,Philadelphia,PA
19103,199900,,,,1701 Locust St #1516,Philadelphia,PA
19103,369900,,,,130 S 18th St #607,Philadelphia,PA
19103,198000,1,1,538,2101 Chestnut St #511,Philadelphia,PA
19103,895000,2,2,3000,23 S 23rd St #4A,Philadelphia,PA
19103,319900,1,1,614,2429 Locust St #305,Philadelphia,PA
19103,785000,2,2,1408,2101 Market St #1103,Philadelphia,PA
19103,895000,3,3,1746,2018 Walnut St #32-4LM,Philadelphia,PA
19122,675000,4,,2470,2026 N Howard St,Philadelphia,PA
19122,545000,4,2,2344,1217 N 6th St,Philadelphia,PA
19122,399900,2,2,1817,1246 N Lawrence St,Philadelphia,PA
19122,285000,3,2,812,337 W Master St,Philadelphia,PA
19122,329000,2,3,1653,1316 N Franklin St #1,Philadelphia,PA
19122,379900,3,2,1257,1708 Waterloo St,Philadelphia,PA
19122,614900,3,4,2011,1310 N Hope St #3,Philadelphia,PA
19122,7000000,36,,23000,1218 N Marshall St,Philadelphia,PA
19122,245000,3,1,1257,329 W Thompson St,Philadelphia,PA
19122,350000,3,2,1224,1325 Kings Pl,Philadelphia,PA
19122,150000,3,2,888,2159 N Philip St,Philadelphia,PA
19122,619000,3,4,2360,1242 N Leithgow St,Philadelphia,PA
19122,359000,3,2,1100,1909 Waterloo St,Philadelphia,PA
19122,475000,4,,1800,1208 N Howard St,Philadelphia,PA
19122,485000,3,3,1645,1306 N 4th St,Philadelphia,PA
19122,575000,3,4,1891,1244 N Front St #2,Philadelphia,PA
19122,478800,3,3,2129,1601 Germantown Ave,Philadelphia,PA
19122,1200000,8,,4705,519 W Montgomery Ave,Philadelphia,PA
19122,360000,3,3,1794,631 W Oxford St #2,Philadelphia,PA
19122,580000,7,,,2105 N 8th St,Philadelphia,PA
19122,165000,2,1,720,157 W Palmer St,Philadelphia,PA
19122,700000,3,3,3000,1617 N 3rd St,Philadelphia,PA
19122,375000,3,3,1902,1419 N 7th St #1,Philadelphia,PA
19122,174999,5,2,1815,1617 N 6th St,Philadelphia,PA
19122,250000,5,2,1560,1711 N 3rd St,Philadelphia,PA
19122,374900,3,3,1200,1605 Germantown Ave,Philadelphia,PA
19122,299000,2,1,844,1526-30 N 2nd St #4,Philadelphia,PA
19122,179900,3,2,794,537 Turner St,Philadelphia,PA
19122,369900,2,2,1287,1333 N 7th Street #3,Philadelphia,PA
19122,200000,2,1,856,410 Harlan St,Philadelphia,PA
19122,155000,2,1,940,2153 N Philip St,Philadelphia,PA
19122,419900,3,3,1456,1606 N 3rd St,Philadelphia,PA
19122,300000,2,2,1146,1429 Germantown Ave #6A,Philadelphia,PA
19122,379900,6,3,2191,1632 N 2nd St,Philadelphia,PA
19122,449500,3,3,,1948 N 3rd St,Philadelphia,PA
19122,1875000,,,,521 W Susquehanna Ave,Philadelphia,PA
19122,369900,2,2,806,1612 Germantown Ave #B,Philadelphia,PA
19122,89500,,,,2140 N Marshall St,Philadelphia,PA
19122,749900,3,3,2739,1758 Hope St,Philadelphia,PA
19122,259900,5,2,1548,2113 N 2nd St,Philadelphia,PA
19122,130000,,,,2050 N 2nd St,Philadelphia,PA
19122,75000,,,,1926 N Darien St,Philadelphia,PA
19122,185000,,,,1512 Germantown Ave,Philadelphia,PA
19122,70000,,,,1935 N Orianna St,Philadelphia,PA
19122,100000,,,,2117 N 5th St,Philadelphia,PA
19122,110000,,,,2028 N Orianna St,Philadelphia,PA
19122,52500,,,,926 Edgley St,Philadelphia,PA
19122,125000,,,,1617 N Lawrence St,Philadelphia,PA
19122,140000,,,,1508 Germantown Ave,Philadelphia,PA
19122,453400,3,3,2000,1737 N Marshall St,Philadelphia,PA
19122,120000,,,,2144 N 3rd St,Philadelphia,PA
19122,344999,4,2,1445,1717 N Mascher St,Philadelphia,PA
19122,80000,,,,507 Diamond St,Philadelphia,PA
19122,579998,4,,,1843 N 6th St,Philadelphia,PA
19122,144000,,,,2156 N 9th St,Philadelphia,PA
19122,115000,,,,1702 N Orianna St,Philadelphia,PA
19122,139999,,,,1510 Germantown Ave,Philadelphia,PA
19122,99900,,,,1405-1405 1407 1409 North St #2,Philadelphia,PA
19122,120000,,,,2150 N 3rd St,Philadelphia,PA
19122,299990,2,1,800,1642 N 5th Ct #30C,Philadelphia,PA
19122,165000,,,,1822 N 4th St,Philadelphia,PA
19122,160000,,,,802 W Norris St,Philadelphia,PA
19122,94900,,,,2103 N Percy St,Philadelphia,PA
19122,94900,,,,2127 N Percy St,Philadelphia,PA
19122,175000,,,,1709 N 4th St,Philadelphia,PA
19122,175000,,,,1711 N 4th St,Philadelphia,PA
19122,410000,,,,1219 N 6th St,Philadelphia,PA
19122,359000,2,2,888,1501 N 2nd St #3,Philadelphia,PA
19122,120000,2,1,780,2043 N Randolph St,Philadelphia,PA
19122,299000,3,1,1416,403 W Master St,Philadelphia,PA
19122,499000,3,2,1825,506 W Thompson St,Philadelphia,PA
19122,429900,3,3,1683,1612 Germantown Ave #A,Philadelphia,PA
19122,349900,2,2,,1407 N 8th St #B2,Philadelphia,PA
19122,355000,2,2,1482,1325 N 7th St #1,Philadelphia,PA
19122,389900,2,2,855,1610 Germantown Ave #C,Philadelphia,PA
19122,245000,2,1,720,164 W Palmer St,Philadelphia,PA
19122,450000,,,,618 W Jefferson St,Philadelphia,PA
19122,405000,3,3,1627,1437 Germantown Ave #1,Philadelphia,PA
19122,390000,4,1,1600,1647 N Marshall St,Philadelphia,PA
19122,67500,,,,1532 N Leithgow St,Philadelphia,PA
19122,70000,,,,1935 N Orianna St,Philadelphia,PA
19122,395000,3,1,1612,1441 N 5th St,Philadelphia,PA
19122,160000,,,,1422 N Orianna St,Philadelphia,PA
19122,314900,5,1,1470,1634 N 4th St,Philadelphia,PA
19122,149400,4,1,1250,2168 N Darien St,Philadelphia,PA
19122,165000,3,1,1010,1911 N Mutter St,Philadelphia,PA
19122,105000,,,,1516 N Darien St,Philadelphia,PA
19122,425000,3,3,,521 W Norris St,Philadelphia,PA
19122,239000,2,2,964,1834 N Mutter St,Philadelphia,PA
19122,675000,4,,2805,1232 N Randolph St,Philadelphia,PA
19122,279999,2,1,,1843 N 6th St #10,Philadelphia,PA
19122,338000,7,3,1992,626 Diamond St,Philadelphia,PA
19122,425000,5,2,2280,1605 N 6th St,Philadelphia,PA
19122,448999,2,,1934,446 W Norris St,Philadelphia,PA
19122,355000,2,2,994,1317 N 7th St #3,Philadelphia,PA
19122,126900,,,,1819 Waterloo St,Philadelphia,PA
19122,379000,3,2,1290,1823 Waterloo St,Philadelphia,PA
19122,650000,6,4,3200,1418 N 7th St,Philadelphia,PA
19122,100000,,,,1216 N Hope St,Philadelphia,PA
19122,190000,3,1,,1813 N Reese St,Philadelphia,PA
19122,290000,2,1,700,2035 N Hope St,Philadelphia,PA
19122,429900,3,3,1683,1610 Germantown Ave #A,Philadelphia,PA
19122,160000,,,,1920 N 2nd St,Philadelphia,PA
19122,190000,2,1,900,1947 N Darien St,Philadelphia,PA
19122,130000,,,,1620 N Randolph St,Philadelphia,PA
19122,300000,6,3,1980,1555 N 9th St,Philadelphia,PA
19122,949900,4,3,3200,1430 N Hope St,Philadelphia,PA
19122,229900,3,2,908,2106 N Orianna St,Philadelphia,PA
19122,695000,,,,203 Diamond St,Philadelphia,PA
19122,239900,1,1,800,1642 N 5th Ct #30B,Philadelphia,PA
19122,225000,5,2,1500,2110 N Franklin St,Philadelphia,PA
19122,325000,4,3,1380,2110 N Camac St,Philadelphia,PA
19122,60000,,,,2146 N Darien St,Philadelphia,PA
19122,950000,5,4,3230,1233 N Howard St,Philadelphia,PA
19122,125000,,,,429 W Jefferson St,Philadelphia,PA
19122,375000,3,3,1676,1429 Germantown Ave #7A,Philadelphia,PA
19122,384900,5,3,1103,506 Diamond St,Philadelphia,PA
19122,115000,,,,1737 N Orianna St,Philadelphia,PA
19122,629999,3,4,2411,1323 N Howard St,Philadelphia,PA
19122,115000,,,,1713 N Orianna St,Philadelphia,PA
19122,369900,2,2,806,1610 Germantown Ave #B,Philadelphia,PA
19122,149400,4,1,1250,2168 N Darien St,Philadelphia,PA
19122,205000,,,,1648 N Cadwallader St,Philadelphia,PA
19122,599900,4,3,,632 Master St,Philadelphia,PA
19122,555000,4,4,2300,1646 N 5th St,Philadelphia,PA
19122,650000,6,,,2022 N 5th St,Philadelphia,PA
19122,1500000,,,,1514-1514 N American St #18,Philadelphia,PA
19122,149900,,,,1709 N Marshall St,Philadelphia,PA
19122,449900,2,2,1800,1335 N Franklin St #3,Philadelphia,PA
19122,1550000,8,,,320 Cecil B Moore Ave,Philadelphia,PA
19122,599900,3,3,2150,1621 N Cadwallader St,Philadelphia,PA
19122,259000,3,1,1272,1210 N Randolph St,Philadelphia,PA
19122,139000,,,,626 W Master St,Philadelphia,PA
19122,200000,2,2,756,1835 N Mutter St,Philadelphia,PA
19122,215999,2,1,732,1817 Waterloo St,Philadelphia,PA
19122,95000,,,,2002 Germantown Ave,Philadelphia,PA
19122,399000,3,,1794,1227 W Susquehanna Ave,Philadelphia,PA
19122,345500,4,2,1512,313 Cecil B Moore Ave,Philadelphia,PA
19122,364900,3,3,2500,2131 N Darien St,Philadelphia,PA
19122,269900,2,1,1350,1642 N 5th Ct #30A,Philadelphia,PA
19122,419900,2,2,1800,1335 N Franklin St #2,Philadelphia,PA
19122,619900,3,3,2009,1527 N Mascher St,Philadelphia,PA
19122,674900,3,3,,1728 Waterloo St,Philadelphia,PA
19122,249900,1,1,966,520 W Montgomery Ave #6,Philadelphia,PA
19122,525000,6,,2022,2024 N 8th St,Philadelphia,PA
19122,400000,4,4,1850,1942 N Orianna St,Philadelphia,PA
19122,139000,,,,624 W Master St,Philadelphia,PA
19122,779000,6,5,2475,2027 N Howard St,Philadelphia,PA
19122,239999,3,3,1475,1754 Waterloo St,Philadelphia,PA
19122,650000,6,,,2120 N Franklin St,Philadelphia,PA
19122,450000,3,3,1171,1500 Palethorp St #13,Philadelphia,PA
19122,619900,3,3,2600,404 W Thompson St,Philadelphia,PA
19122,379000,5,,2835,611 W Norris St,Philadelphia,PA
19122,159900,,,,2139 N 6th St,Philadelphia,PA
19122,650000,,,,2061 Germantown Ave,Philadelphia,PA
19122,67500,,,,1530 N Leithgow St,Philadelphia,PA
19122,799990,5,,2950,1642 N 5th Ct,Philadelphia,PA
19122,1100000,4,,2600,1246 N Front St,Philadelphia,PA
19122,299999,2,2,,1843 N 6th St #12,Philadelphia,PA
19122,349900,2,2,,1407 N 8th St #A1,Philadelphia,PA
19122,674900,3,3,,1730 Waterloo St,Philadelphia,PA
19122,405000,3,2,1700,1719 N Marshall St,Philadelphia,PA
19122,650000,6,,,2022 N 5th St,Philadelphia,PA
19122,375000,3,3,1032,407 W Oxford St #A,Philadelphia,PA
19122,330000,5,,2003,612 W Norris St,Philadelphia,PA
19122,619000,3,4,2360,1240 N Leithgow St,Philadelphia,PA
19122,345000,2,2,1094,1323 N 7th St #3,Philadelphia,PA
19122,300000,2,1,1013,1419 N 7th Street #3,Philadelphia,PA
19122,98000,,,,2028 N 3rd St,Philadelphia,PA
19122,349900,2,2,,1407 N 8th St #A2,Philadelphia,PA
19122,2000000,,,,1731-39 Tilghman St,Philadelphia,PA
19122,275000,2,2,905,2023 N Hope St,Philadelphia,PA
19122,349990,2,2,902,1500-10 Palethorp St #14,Philadelphia,PA
19122,499999,6,,2000,2051 N 9th St,Philadelphia,PA
19122,479000,4,5,2728,1508 N 4th St,Philadelphia,PA
19122,389999,2,1,1036,1744 N Howard St,Philadelphia,PA
19122,450000,4,1,1539,1349 N 2nd St,Philadelphia,PA
19122,549900,3,2,1825,1820 N Front St #A,Philadelphia,PA
19122,419900,3,3,1488,1616 Germantown Ave #A,Philadelphia,PA
19122,94900,2,1,900,1925 N Darien St,Philadelphia,PA
19122,215000,3,1,1396,617 W Norris St,Philadelphia,PA
19122,295000,2,3,1128,1524 N 8th St #1,Philadelphia,PA
19122,699000,3,4,2526,1830 N Hancock St,Philadelphia,PA
19122,289000,,,,2052 N 2nd St,Philadelphia,PA
19122,259900,5,2,1880,2048 N Franklin St,Philadelphia,PA
19122,279900,5,1,1647,166 W Montgomery Ave,Philadelphia,PA
19122,190000,3,1,,1811 N Reese St,Philadelphia,PA
19122,305000,1,1,744,1429 Germantown Ave #7-B,Philadelphia,PA
19122,840000,7,,,522 W Susquehanna Ave,Philadelphia,PA
19122,375000,2,2,1221,1440 N Orkney St,Philadelphia,PA
19122,185000,4,2,1260,934 French St,Philadelphia,PA
19122,450000,3,3,1750,1735 N Orianna St,Philadelphia,PA
19122,265000,1,2,1252,1745 N Randolph St #1,Philadelphia,PA
19134,114900,3,1,1115,1926 E Lippincott St,Philadelphia,PA
19134,59900,3,1,896,513 E Cornwall St,Philadelphia,PA
19134,289000,2,3,1408,2553 Pickwick St,Philadelphia,PA
19134,45900,3,1,1064,3132 Custer St,Philadelphia,PA
19134,75000,3,,1120,3138 Weymouth St,Philadelphia,PA
19134,149900,3,,1503,536 E Westmoreland St,Philadelphia,PA
19134,59999,4,1,1440,3428 Reach St,Philadelphia,PA
19134,200000,2,2,840,2702 Livingston St,Philadelphia,PA
19134,335000,3,3,1221,3004 Cedar St,Philadelphia,PA
19134,100000,2,2,996,3429 Kip St,Philadelphia,PA
19134,70000,2,1,1020,3567 Joyce St,Philadelphia,PA
19134,239990,4,1,1176,2827 Salmon St,Philadelphia,PA
19134,125000,3,2,1200,3257 Rorer St,Philadelphia,PA
19134,49999,3,1,1120,127 E Lippincott St,Philadelphia,PA
19134,210000,3,2,1004,2433 E Somerset St,Philadelphia,PA
19134,269999,3,2,1030,3069 Mercer St,Philadelphia,PA
19134,77000,2,1,1120,3121 Weymouth St,Philadelphia,PA
19134,44900,3,1,976,1914 E Willard St,Philadelphia,PA
19134,189900,2,1,702,3188 Tilton St,Philadelphia,PA
19134,129900,3,2,1008,225 E Wishart St,Philadelphia,PA
19134,130000,2,1,910,2621 E Clearfield St,Philadelphia,PA
19134,219000,2,1,943,2720 E Madison St,Philadelphia,PA
19134,149900,3,1,1044,3233 Chatham St,Philadelphia,PA
19134,130000,4,,1200,2004 E Elkhart 1/2 St,Philadelphia,PA
19134,95000,2,1,672,323 E Somerset St,Philadelphia,PA
19134,49900,2,1,852,2974 Ruth St,Philadelphia,PA
19134,65000,2,1,996,3431 Kip St,Philadelphia,PA
19134,53900,2,1,980,3037 Hartville St,Philadelphia,PA
19134,64900,3,2,1064,3130 Reach St,Philadelphia,PA
19134,284900,3,2,1200,3607 Salmon St,Philadelphia,PA
19134,239900,2,1,1035,3570 Weikel St,Philadelphia,PA
19134,194900,2,1,728,2905 Belgrade St,Philadelphia,PA
19134,249900,3,2,1514,3574 Richmond St,Philadelphia,PA
19134,405000,3,3,1700,2988 Almond St,Philadelphia,PA
19134,179900,2,1,784,3035 Livingston St,Philadelphia,PA
19134,109000,3,1,952,3453 Keim St,Philadelphia,PA
19134,150000,3,1,1140,665 E Cornwall St,Philadelphia,PA
19134,274900,3,3,1460,3048 Gaul St,Philadelphia,PA
19134,49000,3,1,980,2947 Ruth St,Philadelphia,PA
19134,220000,3,2,,3135 Salmon St,Philadelphia,PA
19134,375000,6,,4521,3224-26 Kensington Ave,Philadelphia,PA
19134,55900,3,1,1120,3120 G St,Philadelphia,PA
19134,219900,3,2,1080,3268 Miller St,Philadelphia,PA
19134,224000,2,1,840,3190 Almond St,Philadelphia,PA
19134,399000,3,2,1290,2816 Livingston St,Philadelphia,PA
19134,272000,3,3,2008,3665 Belgrade St,Phila,PA
19134,299999,3,2,1180,2910 Memphis St,Philadelphia,PA
19134,399000,3,3,1591,3059 Edgemont St,Philadelphia,PA
19134,79900,2,,1029,2003 E Ontario St,Philadelphia,PA
19134,75000,2,1,840,254 E Stella St,Philadelphia,PA
19134,249999,3,2,1216,2338 E Clearfield St,Philadelphia,PA
19134,399900,3,2,1950,2542 E Somerset St,Philadelphia,PA
19134,354900,3,3,1560,2509 E Indiana Ave,Philadelphia,PA
19134,219000,3,2,1170,2011 E Pacific St,Philadelphia,PA
19134,125000,2,1,912,2845 Amber St,Philadelphia,PA
19134,339000,3,3,1666,2341 E Ann St,Philadelphia,PA
19134,285000,3,2,1306,3272 Edgemont St,Philadelphia,PA
19134,320500,3,1,1658,3354 Edgemont St,Philadelphia,PA
19134,72500,2,1,889,3052 Coral St,Philadelphia,PA
19134,105000,2,2,980,1821 E Wishart St,Philadelphia,PA
19134,189000,2,2,1016,2078 Bellmore Ave,Philadelphia,PA
19134,228900,2,1,800,3034 Livingston St,Philadelphia,PA
19134,374900,3,3,2550,3339 Tulip St,Philadelphia,PA
19134,185000,2,1,717,3592 Miller St,Philadelphia,PA
19134,125000,4,2,1425,3358 Jasper St,Philadelphia,PA
19134,57900,,,,2138 E Monmouth St,Philadelphia,PA
19134,72500,2,1,800,3054 Coral St,Philadelphia,PA
19134,329900,3,2,1809,3346 Edgemont St,Philadelphia,PA
19134,345000,2,2,1440,2327 E Ann St,Philadelphia,PA
19134,694900,5,,,2973 Amber St,Philadelphia,PA
19134,340000,3,2,932,3025 Aramingo Ave,Philadelphia,PA
19134,235000,2,1,1147,3172 Belgrade St,Philadelphia,PA
19134,49900,2,1,956,1833 Hart Ln,Philadelphia,PA
19134,89900,3,1,1110,719 E Willard St,Philadelphia,PA
19134,62500,3,1,870,1850 Hart Ln,Philadelphia,PA
19134,289900,3,1,1200,2502 E Somerset St,Philadelphia,PA
19134,275000,3,1,1068,3184 Belgrade St,Philadelphia,PA
19134,249900,3,1,1214,3179 Aramingo Ave,Philadelphia,PA
19134,160000,3,1,986,3130 Tulip St,Philadelphia,PA
19134,575000,2,,4214,1822 E Allegheny Ave,Philadelphia,PA
19134,224000,2,1,840,3190 Almond St,Philadelphia,PA
19134,299900,3,2,1240,3113 Aramingo Ave,Philadelphia,PA
19134,79500,3,1,1064,3163 Reach St,Philadelphia,PA
19134,680000,6,,3910,2554 E Clearfield St,Philadelphia,PA
19134,287850,3,3,1210,2931 Gaul St,Philadelphia,PA
19134,225000,2,2,1014,2647 E Seltzer St,Philadelphia,PA
19134,194900,3,1,948,3154 Memphis St,Philadelphia,PA
19134,185000,4,1,1590,943 E Westmoreland St,Philadelphia,PA
19134,160000,2,1,925,3218 Aramingo Ave,Philadelphia,PA
19134,39900,,,,1860 E Madison St,Philadelphia,PA
19134,575000,4,,2752,2964 Richmond St,Philadelphia,PA
19134,85000,3,1,1072,3152 Jasper St,Philadelphia,PA
19134,214900,2,1,954,3437 Belgrade St,Philadelphia,PA
19134,76000,2,1,980,1845 E Wishart St,Philadelphia,PA
19134,215900,3,1,1192,3055 Aramingo Ave,Philadelphia,PA
19134,95000,3,1,1176,862 E Schiller St,Philadelphia,PA
19134,249900,3,1,1584,2725 E Auburn St,Philadelphia,PA
19134,225000,3,1,1166,3175 Miller St,Philadelphia,PA
19134,177000,2,2,1064,3184 Mercer St,Philadelphia,PA
19134,289999,3,2,1316,2950 Belgrade St,Philadelphia,PA
19134,114999,2,1,1380,3424 Ormes St,Philadelphia,PA
19134,294999,3,2,990,3080 Aramingo Ave,Philadelphia,PA
19134,61000,3,1,868,3325 Rand St,Philadelphia,PA
19134,23900,,,,602 E Lippincott St,Philadelphia,PA
19134,79990,3,1,1140,3446 Ella St,Philadelphia,PA
19134,249900,3,2,1402,2607 E Venango St,Philadelphia,PA
19134,239900,3,1,1032,2958 Belgrade St,Philadelphia,PA
19134,349900,3,3,1172,3621 Almond St,Philadelphia,PA
19134,25000,,,,3560 Emerald St,Philadelphia,PA
19134,225900,3,1,700,2073 E Rush St,Philadelphia,PA
19134,75000,,,,2156 E Monmouth St,Philadelphia,PA
19134,229900,2,2,728,3192 Emery St,Philadelphia,PA
19134,259900,3,1,958,2515 E Indiana Ave,Philadelphia,PA
19134,109900,3,1,1036,3344 E St,Philadelphia,PA
19134,161000,2,2,1342,1833 E Tioga St,Philadelphia,PA
19134,74999,2,1,788,1905 E Wishart St,Philadelphia,PA
19134,165000,3,1,1080,3155 Tulip St,Philadelphia,PA
19134,149900,,,,3329 Amber St,Philadelphia,PA
19134,350000,4,2,2372,2700 1/2 E Cambria St,Philadelphia,PA
19134,274900,2,2,1180,2967 Gaul St,Philadelphia,PA
19134,85000,2,1,720,3210 Hartville St,Philadelphia,PA
19134,287850,3,3,1210,2931 Gaul St,Philadelphia,PA
19134,75000,3,1,1009,1926 Clarence St,Philadelphia,PA
19134,109000,,,,2912 Belgrade St,Philadelphia,PA
19134,200000,3,2,1086,3111 Aramingo Ave,Philadelphia,PA
19134,75000,,,,2820 Kensington Ave,Philadelphia,PA
19134,65900,,,,2248 E Cambria St,Philadelphia,PA
19134,99000,,,,2707 E Seltzer St,Philadelphia,PA
19134,148750,,,,3142 Melvale St,Philadelphia,PA
19134,235000,3,2,1162,3031 Memphis St,Philadelphia,PA
19134,95000,2,2,1096,1832 E Wishart St,Philadelphia,PA
19134,183000,2,1,717,3622 Miller St,Philadelphia,PA
19134,225000,3,2,1167,3430 Almond St,Philadelphia,PA
19134,215000,3,1,825,3128 Tilton St,Philadelphia,PA
19134,43888,,,,3084 Weikel St,Philadelphia,PA
19134,287000,3,2,1248,2909 Memphis St,Philadelphia,PA
19134,209000,3,2,1272,1932 E Pacific St,Philadelphia,PA
19134,56900,3,1,1160,3520 Ella St,Philadelphia,PA
19134,44900,,,,1832 E Schiller St,Philadelphia,PA
19134,245000,,,,3025 Frankford Ave,Philadelphia,PA
19134,177500,3,2,952,1910 E Birch St,Philadelphia,PA
19134,277500,3,2,1125,2905 Almond St,Philadelphia,PA
19134,29000,,,,2015 E Birch St,Philadelphia,PA
19134,57900,,,,2136 E Monmouth St,Philadelphia,PA
19134,319900,3,2,1404,2747 E Venango St,Philadelphia,PA
19134,289900,4,2,1288,2724 E Thompson St,Philadelphia,PA
19134,450000,3,3,2000,3317 Salmon St #A,Philadelphia,PA
19134,925000,,,,3143 Janney St,Philadelphia,PA
19134,29500,,,,3150 Jasper St,Philadelphia,PA
19134,1500000,,,,3400 Belgrade St,Philadelphia,PA
19134,148750,,,,3140 Melvale St,Philadelphia,PA
19134,29900,,,,2810 Boudinot St,Philadelphia,PA
19134,79900,3,1,784,3010 Ruth St,Philadelphia,PA
19134,15000,,,,1856 Clarence St,Philadelphia,PA
19134,59999,2,1,784,623 E Thayer St,Philadelphia,PA
19134,95000,3,1,1204,2941 A St,Philadelphia,PA
19134,105000,3,1,1032,1816 E Ontario St,Philadelphia,PA
19134,125000,2,1,980,2144 E Stella St,Philadelphia,PA
19134,230000,2,,1080,2242 E Allegheny Ave,Philadelphia,PA
19134,169000,2,1,834,3003 Cedar St,Philadelphia,PA
19134,187999,2,1,776,3280 Emery St,Philadelphia,PA
19134,69900,2,1,784,1862 E Cornwall St,Philadelphia,PA
19134,75000,,,,2820 Kensington Ave,Philadelphia,PA
19134,94900,2,1,1065,414 E Somerset St,Philadelphia,PA
19134,20000,,,,2805 N Swanson St,Philadelphia,PA
19134,1100000,,,,3616 Janney St,Philadelphia,PA
19134,249900,2,2,1608,3077 Chatham St,Philadelphia,PA
19134,189999,,,,3373 E Thompson St,Philadelphia,PA
19134,69900,,,,2252 E Tioga St,Philadelphia,PA
19134,88900,3,1,1110,728 E Madison St,Philadelphia,PA
19134,189900,2,1,,2958 Almond St,Philadelphia,PA
19134,59999,,,,2117 E William St,Philadelphia,PA
19134,199900,3,1,1152,2956 Aramingo Ave,Philadelphia,PA
19134,84900,3,1,1080,440 E Indiana Ave,Philadelphia,PA
19134,75000,2,1,756,1818 E Lippincott St,Philadelphia,PA
19134,65000,,,,2143 E William St,Philadelphia,PA
19134,65000,,,,2141 E William St,Philadelphia,PA
19134,248800,,,,2109 E Seltzer St,Philadelphia,PA
19134,255000,3,1,1392,3410 Richmond St,Philadelphia,PA
19134,314900,3,1,1284,3278 Salmon St,Philadelphia,PA
19134,179900,3,3,1040,3466 Amber St,Philadelphia,PA
19134,71500,,,,2152 E Auburn St,Philadelphia,PA
19134,22000,,,,3410 Crystal St,Philadelphia,PA
19134,78000,3,1,1022,3252 Hurley St,Philadelphia,PA
19134,85000,3,1,1065,3342 N Lee St,Philadelphia,PA
19134,25000,,,,2749 Jasper St,Philadelphia,PA
19134,159900,3,2,1120,3321 Potter St,Philadelphia,PA
19134,227000,2,1,1040,3417 E Thompson St,Philadelphia,PA
19134,80000,,,,2124 Bellmore Ave,Philadelphia,PA
19134,319000,3,2,1448,2557 E Ann St,Philadelphia,PA
19134,64899,,,,2066 E Monmouth St,Philadelphia,PA
19134,25000,,,,2741 Jasper St,Philadelphia,PA
19134,254900,2,2,1086,3463 Belgrade St,Philadelphia,PA
19134,59000,,,,2139 E William St,Philadelphia,PA
19134,59000,,,,2137 E William St,Philadelphia,PA
19134,59900,,,,2079 E Cambria St,Philadelphia,PA
19134,140000,4,,1788,3405 Kensington Ave,Philadelphia,PA
19134,169900,2,1,834,3007 Cedar St,Philadelphia,PA
19134,25000,,,,3433 Kip St,Philadelphia,PA
19134,69900,,,,2048 E Cambria St,Philadelphia,PA
19134,172900,2,1,834,3009 Cedar St,Philadelphia,PA
19134,129000,2,2,1200,3237 Rorer St,Philadelphia,PA
19134,230000,,,,2137-2137 E William St #2143,Philadelphia,PA
19134,249900,2,2,1608,3077 Chatham St,Philadelphia,PA
19134,249900,2,2,821,3588 Belgrade St,Philadelphia,PA
19134,23900,,,,3401 Crystal St,Philadelphia,PA
19134,180000,2,1,720,2513 E Auburn St,Philadelphia,PA
19134,28900,,,,757 E Hilton St,Philadelphia,PA
19134,38000,,,,1828 E Wensley St,Philadelphia,PA
19134,80000,,,,2145 Bellmore Ave,Philadelphia,PA
19134,65000,3,1,920,3432 Helen St,Philadelphia,PA
19134,74600,3,1,1016,3024 N Water St,Philadelphia,PA
19134,34900,,,,932 E Ontario St,Philadelphia,PA
19134,72000,,,,3255 N Lee St,Philadelphia,PA
19134,44900,,,,1830 E Schiller St,Philadelphia,PA
19134,69900,,,,2064 E Cambria St,Philadelphia,PA
19134,88000,2,2,1260,3208 H St,Philadelphia,PA
19134,25000,,,,750 E Willard St,Philadelphia,PA
19134,27500,,,,3329 A St,Philadelphia,PA
19134,70000,,,,2044 E Rush St,Philadelphia,PA
19134,50000,,,,222 E Ontario St,Philadelphia,PA
19134,29900,,,,816 E Schiller St,Philadelphia,PA
19134,69900,,,,2785 Emerald St,Philadelphia,PA
19134,69500,,,,1903 E Somerset St,Philadelphia,PA
19134,219900,2,2,802,3034 Tulip St,Philadelphia,PA
19134,40000,,,,2106 E Orleans St,Philadelphia,PA
19134,159900,3,1,1089,3576 Jasper St,Philadelphia,PA
19134,130000,,,,1938 E Cambria St,Philadelphia,PA
19134,35900,,,,1909 E Sterner St,Philadelphia,PA
19134,124900,,,,2780 Emerald St,Philadelphia,PA
19134,80000,,,,2143 Bellmore Ave,Philadelphia,PA
19134,80000,,,,2146 Bellmore Ave,Philadelphia,PA
19134,172000,2,1,724,2623 E Monmouth St,Philadelphia,PA
19134,59900,2,1,672,2858 Stouton St,Philadelphia,PA
19134,59900,,,,2067 E Auburn St,Philadelphia,PA
19134,284900,3,2,1350,3055 E Thompson St,Philadelphia,PA
19134,80000,,,,2056 E Auburn St,Philadelphia,PA
19134,99900,2,1,854,3462 Braddock St,Philadelphia,PA
19134,66000,,,,2751 Amber St,Philadelphia,PA
19134,54000,,,,3072 Jasper St,Philadelphia,PA
19134,119900,2,1,965,3563 Janney St,Philadelphia,PA
19134,79900,3,1,1260,3212 H St,Philadelphia,PA
19134,55000,,,,2019 E Sterner St,Philadelphia,PA
19134,50000,,,,202 E Allegheny Ave,Philadelphia,PA
19134,28900,,,,757 E Hilton St,Philadelphia,PA
19134,64900,2,1,840,3323 Malta St,Philadelphia,PA
19134,32000,,,,1944 E Willard St,Philadelphia,PA
19134,104999,2,1,840,3131 Weikel St,Philadelphia,PA
19134,1050000,,,,3022 Frankford Ave,Philadelphia,PA
19134,75000,,,,3065 Kensington Ave,Philadelphia,PA
19134,244900,3,1,1092,3018 Gaul St,Philadelphia,PA
19134,284000,3,2,1450,2939 Aramingo Ave,Philadelphia,PA
19134,99900,3,1,1280,2000 E Cambria St,Philadelphia,PA
19134,67000,,,,2043 E Cambria St,Philadelphia,PA
19134,94999,2,1,1152,318 E Ontario St,Philadelphia,PA
19134,148000,,,,2306 E Venango St,Philadelphia,PA
19134,24000,,,,3042 N Lee St,Philadelphia,PA
19134,35900,,,,1911 E Sterner St,Philadelphia,PA
19134,27900,,,,5 E Seltzer St,Philadelphia,PA
19134,229900,3,2,1400,3086 Janney St,Philadelphia,PA
19134,54000,,,,3070 Jasper St,Philadelphia,PA
19134,125000,2,,1567,809 E Allegheny Ave,Philadelphia,PA
19134,310000,3,3,2008,2623 Pickwick St,Philadelphia,PA
19134,210000,2,1,960,2511 E Allegheny Ave,Philadelphia,PA
19134,50000,,,,2081 E Orleans St,Philadelphia,PA
19134,189900,2,1,840,3077 Agate St,Philadelphia,PA
19134,99000,4,1,1260,1950 Hart Ln,Philadelphia,PA
19134,380000,4,,1623,3245 Edgemont St,Philadelphia,PA
19134,39990,,,,2142 E Orleans St,Philadelphia,PA
19134,184995,3,2,956,1905 E Birch St,Philadelphia,PA
19134,169000,2,1,770,2637 E Monmouth St,Philadelphia,PA
19134,148750,,,,3146 Melvale St,Philadelphia,PA
19134,369900,3,2,1242,3440 E Thompson St,Philadelphia,PA
19134,299900,4,2,1554,2743 E Venango St,Philadelphia,PA
19134,475000,6,,3744,2035 E Allegheny Ave,Philadelphia,PA
19134,249900,4,2,1500,2964 Belgrade St,Philadelphia,PA
19134,34900,,,,2859 N Lee St,Philadelphia,PA
19134,74900,2,1,980,3030 Hartville St,Philadelphia,PA
19134,148750,,,,3144 Melvale St,Philadelphia,PA
19134,174990,2,1,684,2975 Tilton St,Philadelphia,PA
19134,249900,3,1,1050,2823 Gaul St,Philadelphia,PA
19134,80000,,,,2126 Bellmore Ave,Philadelphia,PA
19134,139900,3,2,1292,134 E Tioga St,Philadelphia,PA
19134,250000,3,2,1038,3116 Chatham St,Philadelphia,PA
19134,184900,2,1,880,3034 Belgrade St,Philadelphia,PA
19134,1050000,,,,3022 Frankford Ave,Philadelphia,PA
19134,79000,2,1,1024,3454 Hartville St,Philadelphia,PA
19134,319000,3,2,1152,3176 Belgrade St,Philadelphia,PA
19134,223900,3,2,1128,2138 E Clearfield St,Philadelphia,PA
19134,193000,3,2,1048,2830 Memphis St,Philadelphia,PA
19134,495000,4,,2520,3005 Richmond St,Philadelphia,PA
19134,75000,2,2,1120,2914 Ella St,Philadelphia,PA
19134,246900,3,2,1214,3167 Mercer St,Philadelphia,PA
19134,319000,3,3,1012,3174 Aramingo Ave,Philadelphia,PA
19134,177900,2,2,1050,2075 E Stella St,Philadelphia,PA
19134,365000,3,3,1670,2809 E Ontario St,Philadelphia,PA
19134,205000,2,1,840,2553 E Cambria St,Philadelphia,PA
19134,125000,2,1,784,3145 C St,Philadelphia,PA
19134,117900,3,1,1064,3352 I St,Philadelphia,PA
19134,24000,,,,3036 N Lee St,Philadelphia,PA
19134,93900,3,1,1127,724 E Hilton St,Philadelphia,PA
19134,80000,3,2,1140,831 E Willard St,Philadelphia,PA
19134,83000,3,1,1120,3229 Potter St,Philadelphia,PA
19134,203000,2,1,840,3147 Tilton St,Philadelphia,PA
19134,384900,3,,1772,2425 E Allegheny Ave,Philadelphia,PA
19134,139999,2,2,1300,2055 E Atlantic St,Philadelphia,PA
19134,175000,2,1,900,3267 Tilton St,Philadelphia,PA
19134,239900,5,1,1858,3035 Richmond St,Philadelphia,PA
19134,245000,3,1,1074,3419 Edgemont St,Philadelphia,PA
19134,155000,4,2,1170,1833 E Madison St,Philadelphia,PA
19134,149900,3,1,1444,2037 E Wishart St,Philadelphia,PA
19134,199900,2,1,720,2849 Livingston St,Philadelphia,PA
19134,250000,2,2,733,3600 Livingston St,Philadelphia,PA
19134,299900,2,,1188,2234 E Allegheny Ave,Philadelphia,PA
19134,219900,3,2,1072,3107 Tulip St,Philadelphia,PA
19134,114900,3,1,756,1845 E Lippincott St,Philadelphia,PA
19134,130000,6,2,1020,2822 Ruth St,Philadelphia,PA
19134,125000,3,1,1000,1918 Hart Ln,Philadelphia,PA
19134,194900,2,1,728,3496 Weikel St,Philadelphia,PA
19134,105000,3,2,1110,1842 E Monmouth St,Philadelphia,PA
19134,70000,2,1,980,3040 Hartville St,Philadelphia,PA
19134,219997,2,1,648,3026 Belgrade St,Philadelphia,PA
19134,89000,3,1,1048,3471 Braddock St,Philadelphia,PA
19134,119000,2,,1340,1903 E Ontario St,Philadelphia,PA
19134,99900,4,1,1050,2051 E Orleans St,Philadelphia,PA
19134,225000,3,2,1080,2047 Bellmore Ave,Philadelphia,PA
19134,193000,3,2,1048,2830 Memphis St,Philadelphia,PA
19134,180000,3,,1854,3403 Kensington Ave,Philadelphia,PA
19134,79000,2,1,900,3320 H St,Philadelphia,PA
19134,139900,3,1,1429,3209 Jasper St,Philadelphia,PA
19134,164900,3,1,870,3121 Miller St,Philadelphia,PA
19134,100000,3,1,1110,744 E Willard St,Philadelphia,PA
19134,195000,3,2,1008,3059 C St,Philadelphia,PA
19134,189000,3,2,940,2230 E Cambria St,Philadelphia,PA
19134,234999,3,2,750,3603 Witte St,Philadelphia,PA
19134,54500,,,,3048 Agate St,Philadelphia,PA
19134,129900,3,1,952,3447 Keim St,Philadelphia,PA
19134,689900,16,,5977,3423 Frankford Ave,Philadelphia,PA
19134,205000,3,1,1140,2089 E Venango St,Philadelphia,PA
19134,110000,2,1,696,3094 Janney St,Philadelphia,PA
19134,287555,,,,3362 Edgemont St,Philadelphia,PA
19134,97500,4,2,1664,441 E Allegheny Ave,Philadelphia,PA
19134,89000,3,1,1164,3125 Jasper St,Philadelphia,PA
19134,75000,,,,3063 Kensington Ave,Philadelphia,PA
19134,118000,2,1,896,3466 Hurley St,Philadelphia,PA
19134,195000,,,,3057 C St,Philadelphia,PA
19134,62000,3,1,1110,757 E Willard St,Philadelphia,PA
19134,69000,,,,2052 E Auburn St,Philadelphia,PA
19134,224000,2,,1260,2947 Almond St,Philadelphia,PA
19134,194900,2,2,711,3565 Gaul St,Philadelphia,PA
19134,375000,3,3,2275,2239 E William St,Philadelphia,PA
19134,89999,6,2,1176,3254 Emerald St,Philadelphia,PA
19134,119999,8,2,1590,1909 E Allegheny Ave,Philadelphia,PA
19134,79900,3,1,1048,3124 Ruth St,Philadelphia,PA
19148,349900,4,2,1110,1820 S Front St,Philadelphia,PA
19148,394500,3,4,1146,2509 S 12th St,Philadelphia,PA
19148,250000,3,2,1114,436 Daly St,Philadelphia,PA
19148,2875000,3,4,5550,808 Morris St,Philadelphia,PA
19148,259900,3,3,900,2431 S Sheridan St,Philadelphia,PA
19148,300000,3,1,1110,1138 Snyder Ave,Philadelphia,PA
19148,364900,3,2,1404,932 W Porter St,Philadelphia,PA
19148,369900,3,1,1176,1111 Watkins St,Philadelphia,PA
19148,200000,2,2,784,622 Cantrell St,Philadelphia,PA
19148,325000,2,1,1000,220 Watkins St,Philadelphia,PA
19148,165000,3,1,1094,2240 S Darien St,Philadelphia,PA
19148,300000,3,2,985,2439 S Philip St,Philadelphia,PA
19148,239900,3,2,1260,2520 S 8th St,Philadelphia,PA
19148,353000,3,3,1396,447 Tree St,Philadelphia,PA
19148,375000,4,3,2484,1826 E Moyamensing Ave,Philadelphia,PA
19148,339500,2,2,1008,1826 S Camac St,Philadelphia,PA
19148,250000,2,2,1200,727 Daly St,Philadelphia,PA
19148,339900,3,2,1260,149 Morris St,Philadelphia,PA
19148,329000,3,2,1106,622 Sigel St,Philadelphia,PA
19148,289900,3,2,1260,2036 S 5th St,Philadelphia,PA
19148,220000,3,2,840,2513 S Juniper St,Philadelphia,PA
19148,262500,2,1,866,2236 S Clarion St,Philadelphia,PA
19148,429000,3,2,1482,1932 S 9th St,Philadelphia,PA
19148,464900,2,2,1220,1230 Tasker St,Philadelphia,PA
19148,579999,3,3,2396,1106 Emily St,Philadelphia,PA
19148,499000,3,2,1632,1316 Moore St,Philadelphia,PA
19148,140000,,,,2422 S Fairhill St,Philadelphia,PA
19148,249900,3,1,900,417 Winton St,Philadelphia,PA
19148,434900,4,2,1690,835 McKean St,Philadelphia,PA
19148,259900,2,1,1104,2819 S 11th St,Philadelphia,PA
19148,459000,5,4,2300,2131 S 13th St,Philadelphia,PA
19148,294500,2,1,920,727 Tasker St,Philadelphia,PA
19148,324000,2,3,1090,2620 S Sartain St,Philadelphia,PA
19148,229000,2,1,784,1136 Fitzgerald St,Philadelphia,PA
19148,320000,3,2,1392,1129 W Ritner St,Philadelphia,PA
19148,349900,2,3,1120,113 Durfor St,Philadelphia,PA
19148,224900,3,2,1130,412 Fitzgerald St,Philadelphia,PA
19148,267000,2,1,1250,1738 E Moyamensing Ave,Philadelphia,PA
19148,289000,2,1,1000,137 Sigel St,Philadelphia,PA
19148,170000,2,1,775,2315 S Percy St,Philadelphia,PA
19148,288000,3,2,1152,2814 S Franklin St,Philadelphia,PA
19148,425000,3,2,1950,2031 S 10th St,Philadelphia,PA
19148,249900,3,1,960,924 Mifflin St,Philadelphia,PA
19148,440000,4,2,1600,1114 Morris St,Philadelphia,PA
19148,604900,4,4,2500,722 Morris St,Philadelphia,PA
19148,262000,3,2,986,2416 S Philip St,Philadelphia,PA
19148,419000,3,3,1260,143 Morris St,Philadelphia,PA
19148,235000,3,2,840,434 Emily St,Philadelphia,PA
19148,445000,2,2,1087,1636 S Clarion St,Philadelphia,PA
19148,240000,2,1,970,2003 S Hutchinson St,Philadelphia,PA
19148,189000,2,1,756,610 Winton St,Philadelphia,PA
19148,300000,3,1,920,2552 S Sartain St,Philadelphia,PA
19148,499900,3,2,1416,1613 S Juniper St,Philadelphia,PA
19148,234900,3,1,912,2618 S Juniper St,Philadelphia,PA
19148,389000,3,2,1370,3103 S 13th St,Philadelphia,PA
19148,349900,2,1,1068,1638 S Camac St,Philadelphia,PA
19148,460000,3,3,1592,2451 S 9th St,Philadelphia,PA
19148,231999,2,2,1136,349 Winton St,Philadelphia,PA
19148,358000,2,1,1100,1827 S Watts St,Philadelphia,PA
19148,169999,3,1,1116,2222 S Clarion St,Philadelphia,PA
19148,325000,3,2,1080,2735 S Marvine St,Philadelphia,PA
19148,285000,2,2,864,1205 Mercy St,Philadelphia,PA
19148,299000,3,2,1632,2301 S Mildred St,Philadelphia,PA
19148,315000,2,2,1024,2512 S Warnock St,Philadelphia,PA
19148,325000,3,2,1000,335 Gladstone St,Philadelphia,PA
19148,419900,3,,1440,1613 S 9th St,Philadelphia,PA
19148,400000,4,3,1791,511 Morris St,Philadelphia,PA
19148,235000,3,2,1310,2516 S 3rd St,Philadelphia,PA
19148,289999,3,1,960,2742 S Marshall St,Philadelphia,PA
19148,299000,3,2,1064,611 Watkins St,Philadelphia,PA
19148,339900,3,2,1092,1145 Moore St,Philadelphia,PA
19148,199000,3,1,940,2522 S Fairhill St,Philadelphia,PA
19148,249000,3,2,1084,2544 S Mildred St,Philadelphia,PA
19148,415000,3,3,1402,425 Mercy St,Philadelphia,PA
19148,454900,3,2,1657,1915 S Camac St,Philadelphia,PA
19148,499000,3,3,1436,3137 S Broad St,Philadelphia,PA
19148,339900,3,,1920,1028 Wolf St,Philadelphia,PA
19148,475000,4,3,2350,531 Snyder Ave,Philadelphia,PA
19148,320000,2,2,872,602 Fernon St,Philadelphia,PA
19148,259000,3,2,1100,430 Tree St,Philadelphia,PA
19148,440000,4,2,1600,1114 Morris St,Philadelphia,PA
19148,275000,2,2,1050,810 McClellan St,Philadelphia,PA
19148,265000,3,2,1170,527 Morris St,Philadelphia,PA
19148,204000,2,1,1114,432 Daly St,Philadelphia,PA
19148,220000,3,1,900,2627 S Sheridan St,Philadelphia,PA
19148,347000,3,2,925,2636 S Watts St,Philadelphia,PA
19148,285000,2,1,1352,2524 S Watts St,Philadelphia,PA
19148,549900,3,2,2100,2941 S Broad St,Philadelphia,PA
19148,259900,2,1,840,322 Mercy St,Philadelphia,PA
19148,160000,2,1,600,2325 S 7th St,Philadelphia,PA
19148,309000,3,2,1272,828 Moore St,Philadelphia,PA
19148,274900,3,1,940,118 W Porter St,Philadelphia,PA
19148,339000,2,1,990,1138 Mercy St,Philadelphia,PA
19148,494900,4,3,2520,623 Mercy St,Philadelphia,PA
19148,209000,3,2,968,2425 S Alder St,Philadelphia,PA
19148,450000,4,2,1876,808 Snyder Ave,Philadelphia,PA
19148,349000,3,1,1229,1127 Mercy St,Philadelphia,PA
19148,369900,2,1,990,932 McKean St,Philadelphia,PA
19148,100000,,,,2343 S Marshall St,Philadelphia,PA
19148,309000,5,2,1644,2108 S 7th St,Philadelphia,PA
19148,309000,5,2,1305,734 Winton St,Philadelphia,PA
19148,375000,4,2,1480,1216 McKean St,Philadelphia,PA
19148,315000,2,1,1060,206 McClellan St,Philadelphia,PA
19148,589900,3,3,2016,613 McClellan St,Philadelphia,PA
19148,215000,2,1,1092,534 Watkins St,Philadelphia,PA
19148,178000,,,,627 McKean St,Philadelphia,PA
19148,379000,3,3,,629 Winton St,Philadelphia,PA
19148,228000,3,1,722,637 Mountain St,Philadelphia,PA
19148,125000,,,,634 Jackson St,Philadelphia,PA
19148,299000,3,1,1153,1122 Tree St,Philadelphia,PA
19148,329000,3,3,960,2613 S 13th St,Philadelphia,PA
19148,335000,3,2,1537,2027 S 4th St,Philadelphia,PA
19148,399399,3,2,1750,2810 S 8th St,Philadelphia,PA
19148,97000,,,,719 Cantrell St,Philadelphia,PA
19148,519000,3,2,1669,2905 S Broad St,Philadelphia,PA
19148,349900,4,2,1422,1309 Wolf St,Philadelphia,PA
19148,219900,3,1,900,2220 S Darien St,Philadelphia,PA
19148,299900,3,1,960,2718 S Marshall St,Philadelphia,PA
19148,275000,3,1,1054,637 Fernon St,Philadelphia,PA
19148,254900,3,2,1114,410 Daly St,Philadelphia,PA
19148,450000,4,3,1518,1702 S 4th St,Philadelphia,PA
19148,220000,3,1,900,2627 S Sheridan St,Philadelphia,PA
19148,269900,3,1,940,2431 S Darien St,Philadelphia,PA
19148,209000,3,2,960,2707 S Alder St,Philadelphia,PA
19148,399000,2,,1140,2546 S 12th St,Philadelphia,PA
19148,236000,3,1,1120,1830 S 5th St,Philadelphia,PA
19148,314500,2,2,1420,2636 S Juniper St,Philadelphia,PA
19148,239900,2,1,1120,307 Fitzgerald St,Philadelphia,PA
19148,209900,3,1,948,738 Mercy St,Philadelphia,PA
19148,349900,2,2,1400,2403 S 11th St #A,Philadelphia,PA
19148,560000,4,2,2198,1723 S Broad St,Philadelphia,PA
19148,249000,2,1,808,2815 S Mildred St,Philadelphia,PA
19148,1300000,4,,4189,1916-1916 E Passyunk Ave #18,Philadelphia,PA
19148,270000,6,3,1450,626 McKean St,Philadelphia,PA
19148,789900,9,,3320,1926 S 7th St,Philadelphia,PA
19148,560000,4,4,2688,637 Morris St,Philadelphia,PA
19148,265000,3,2,1196,2649 S 12th St,Philadelphia,PA
19148,1050000,,,,2012 S 9th St,Philadelphia,PA
19148,265000,3,1,966,1133 Mercy St,Philadelphia,PA
19148,484900,2,2,1710,1828 S 10th St,Philadelphia,PA
19148,379900,3,1,1536,1017 McKean St,Philadelphia,PA
19148,394900,3,1,1016,1306 McClellan St,Philadelphia,PA
19148,273900,2,1,813,2821 S 8th St,Philadelphia,PA
19148,409000,3,1,1128,1321 McKean St,Philadelphia,PA
19148,175000,3,1,1012,912 Cantrell St,Philadelphia,PA
19148,335000,3,3,1200,1018 Snyder Ave,Philadelphia,PA
19148,252900,2,1,813,2842 S Mildred St,Philadelphia,PA
19148,249900,2,1,1084,160 McClellan St,Philadelphia,PA
19148,234900,2,1,923,2140 S Philip St,Philadelphia,PA
19148,209000,2,2,648,632 Mountain St,Philadelphia,PA
19148,95000,,,,633 Tree St,Philadelphia,PA
19148,335000,2,2,896,425 Sigel St,Philadelphia,PA
19148,257000,2,2,904,345 Fitzgerald St,Philadelphia,PA
19148,309000,3,3,1246,2533 S 10th St,Philadelphia,PA
19148,349900,3,2,1068,2113 S 3rd St,Philadelphia,PA
19148,245000,2,1,884,337 Fitzgerald St,Philadelphia,PA
19148,149990,,,,736 Mercy St,Philadelphia,PA
19148,345000,2,2,852,823 Watkins St,Philadelphia,PA
19148,539999,4,2,2100,812 Morris St,Philadelphia,PA
19148,259000,3,1,1100,2420 S Lawrence St,Philadelphia,PA
19148,269900,3,2,1200,914 Hoffman St,Philadelphia,PA
19148,100000,,,,2516 S Philip St,Philadelphia,PA
19148,236000,3,1,1120,1830 S 5th St,Philadelphia,PA
19148,334900,6,3,2160,1237 Snyder Ave,Philadelphia,PA
19148,349900,3,3,1200,1112 McKean St,Philadelphia,PA
19148,225000,2,1,888,2430 S Iseminger St,Philadelphia,PA
19148,429900,3,2,1376,2921 S Juniper St,Philadelphia,PA
19148,125000,,,,632 Jackson St,Philadelphia,PA
19148,420000,3,2,1365,1301 Sigel St,Philadelphia,PA
19148,1490000,6,,5457,1720 E Passyunk Ave,Philadelphia,PA
19148,699900,4,,2800,2403 S 11th St,Philadelphia,PA
19148,269900,2,1,1014,116 Sigel St,Philadelphia,PA
19148,399999,4,3,1320,2426 S 13th St,Philadelphia,PA
19148,349900,3,3,1340,2540 S 10th St,Philadelphia,PA
19148,519900,3,3,2240,615 Emily St,Philadelphia,PA
19148,225000,3,1,1299,2544 S 3rd St,Philadelphia,PA
19148,629000,5,,2814,2039 S 7th St,Philadelphia,PA
19148,399900,3,3,1650,1210 Moore St,Philadelphia,PA
19148,175000,2,1,780,817 Winton St,Philadelphia,PA
19148,280000,3,1,1140,237 Tree St,Philadelphia,PA
19148,279900,5,3,2115,2019 S 7th St,Philadelphia,PA
19148,139000,,,,2539 S 5th St,Philadelphia,PA
19148,89900,,,,838 Cantrell St,Philadelphia,PA
19148,189000,3,2,900,2632 S Marshall St,Philadelphia,PA
19148,489700,4,,1728,318 Mifflin St,Philadelphia,PA
19148,260000,3,1,1097,516 Sigel St,Philadelphia,PA
19148,239900,2,1,960,2711 S 9th St,Philadelphia,PA
19148,580000,2,,2088,1801 S 9th St,Philadelphia,PA
19148,419900,3,3,2288,714 Winton St,Philadelphia,PA
19148,159900,2,2,1176,637 Tree St,Philadelphia,PA
19148,100000,,,,2611 S Marshall St,Philadelphia,PA
19148,289900,3,1,1482,1934 S 9th St,Philadelphia,PA
19148,95000,,,,635 Tree St,Philadelphia,PA
19148,249000,2,1,813,2835 S 8th St,Philadelphia,PA
19148,350000,2,1,784,1941 S Jessup St,Philadelphia,PA
19148,255000,2,2,840,129 Watkins St,Philadelphia,PA
19148,178900,,,,2600 S 8th St,Philadelphia,PA
19148,199900,3,2,1140,2538 S 5th St,Philadelphia,PA
19148,289900,2,2,1212,2822 S Darien St,Philadelphia,PA
19148,289000,3,2,1080,2634 S 10th St,Philadelphia,PA
19148,194900,2,1,784,1217 Tree St,Philadelphia,PA
19148,169900,,,,2414 S 3rd St,Philadelphia,PA
19148,285000,3,2,1440,2013 S 10th St,Philadelphia,PA
19148,429900,3,2,1376,2921 S Juniper St,Philadelphia,PA
19148,250000,3,1,980,940 Sigel St,Philadelphia,PA
19148,325000,4,,1800,1729 S 6th St,Philadelphia,PA
19148,309000,3,1,1128,1323 McKean St,Philadelphia,PA
19148,237000,3,1,882,624 Watkins St,Philadelphia,PA
19148,200000,2,1,1050,2211 S Darien St,Philadelphia,PA
19148,285000,3,1,1200,718 Mifflin St,Philadelphia,PA
19148,269900,3,2,990,2443 S 10th St,Philadelphia,PA
19148,329900,3,2,983,1153 Daly St,Philadelphia,PA
19148,344000,2,2,1040,1041 Mercy St,Philadelphia,PA
19148,339000,3,2,1020,2420 S Iseminger St,Philadelphia,PA
19148,199900,3,1,1024,2445 S Mildred St,Philadelphia,PA
19148,299900,3,1,1280,1154 Tree St,Philadelphia,PA
19148,369900,3,2,1700,1122 Wolf St,Philadelphia,PA
19148,305000,2,1,956,2207 S Clarion St,Philadelphia,PA
19148,509900,,,,1307 Morris St,Philadelphia,PA
19148,395000,4,,2010,411 McKean St,Philadelphia,PA
19148,725000,4,4,2438,422 Morris St,Philadelphia,PA
19148,389000,3,2,1440,1015 Snyder Ave,Philadelphia,PA
19148,364900,3,2,1146,2713 S 9th St,Philadelphia,PA
19148,300000,3,2,2190,2136 S 7th St,Philadelphia,PA
19148,319900,2,2,1260,435 Snyder Ave,Philadelphia,PA
19148,175000,2,1,1170,2614 S Franklin St,Philadelphia,PA
19148,138000,2,1,888,2418 S Beulah St,Philadelphia,PA
19148,364900,3,2,1290,1206 Emily St,Philadelphia,PA
19148,259900,3,1,1012,148 W Ritner St,Philadelphia,PA
19148,369000,2,2,1116,149 Pierce St,Philadelphia,PA
19148,279000,2,2,1150,440 Tree St,Philadelphia,PA
19148,105000,,,,634 Sigel St,Philadelphia,PA
19148,350000,3,1,1086,132 McClellan St,Philadelphia,PA
19148,549000,4,,1857,1224 Morris St,Philadelphia,PA
19148,195000,2,1,936,625 Cantrell St,Philadelphia,PA
19148,250000,2,1,676,109 Mercy St,Philadelphia,PA
19148,190000,3,1,1140,2644 S Beulah St,Philadelphia,PA
19148,264000,2,2,1020,822 Dudley St,Philadelphia,PA
19148,274900,2,1,1100,127 Sigel St,Philadelphia,PA
19148,364000,2,1,840,1630 S Camac St,Philadelphia,PA
19148,330000,6,,1731,735 Jackson St,Philadelphia,PA
19148,148000,2,1,904,627 Fitzgerald St,Philadelphia,PA
19148,369000,3,3,,516 Winton St,Philadelphia,PA
19148,130000,,,,2745 S Marshall St,Philadelphia,PA
19148,237000,3,1,882,624 Watkins St,Philadelphia,PA
19148,629900,3,,1887,1912 E Passyunk Ave,Philadelphia,PA
19148,289000,3,2,1200,2334 S 10th St,Philadelphia,PA
19148,299000,3,2,1200,1014 Snyder Ave,Philadelphia,PA
19148,199900,3,1,992,344 Roseberry St,Philadelphia,PA
19148,259900,3,1,984,2624 S Percy St,Philadelphia,PA
19148,250000,3,2,1016,532 McClellan St,Philadelphia,PA
19148,199999,3,1,1180,2309 S Darien St,Philadelphia,PA
19148,209000,2,1,1220,621 Wolf St,Philadelphia,PA
19148,399900,2,2,1176,1132 Mercy St,Philadelphia,PA
19148,319000,2,2,1024,2609 S Hutchinson St,Philadelphia,PA
19148,249900,3,1,987,2511 S Clarion St,Philadelphia,PA
19148,260000,3,2,968,2605 S Beulah St,Philadelphia,PA
19148,239000,2,3,780,937 Cantrell St,Philadelphia,PA
19148,399000,3,2,1230,1034 Jackson St,Philadelphia,PA
19148,255000,2,1,944,433 Durfor St,Philadelphia,PA
19148,325000,2,2,1450,723 Sigel St,Philadelphia,PA
19148,339000,2,2,994,2634 S Camac St,Philadelphia,PA
19148,319900,3,2,994,2618 S Iseminger St,Philadelphia,PA
19148,184900,3,1,1064,2604 S Percy St,Philadelphia,PA
19148,319900,3,1,1038,1110 W Moyamensing Ave,Philadelphia,PA
19148,90000,,,,2414 S Marshall St,Philadelphia,PA
19148,570000,4,3,2280,1620 S 2nd St,Philadelphia,PA
19148,1199000,,,,900 McKean St,Philadelphia,PA
19148,344900,3,2,1160,915 McKean St,Philadelphia,PA
19148,214900,2,1,784,1108 Fitzgerald St,Philadelphia,PA
19148,386900,3,2,1092,1255 Pierce St,Philadelphia,PA
19148,284900,2,1,784,2337 S Hutchinson St,Philadelphia,PA
19148,99999,,,,2619 S 2nd St,Philadelphia,PA
19148,215000,3,2,970,539 Sigel St,Philadelphia,PA
19148,259900,2,1,816,117 Daly St,Philadelphia,PA
